#airframe_info," log_version=""1.03"""," log_content_version=""1.02"""," Product=""GIFD"""," airframe_name=""Cirrus SR20"""," unit_software_part_number=""006-B1177-C2"""," unit_software_version=""21.70"""," system_software_part_number=""006-B2647-N9"""," system_id=""25F65227F""", mode=NORMAL," flightstream_header=""25F65227F_2857""", ,,,,,,,,,,,,,,,,,,,,,,,,,,,,,,,,,,,,,,,,,,,,,,,,,,,,,,,,,,,,,,,,,,,,
#yyy-mm-dd, hh:mm:ss,   hh:mm,  ident,      degrees,      degrees,      ft,  inch,  ft msl, deg C,     kt,     kt,     fpm,    deg,    deg,      G,      G,   deg,   deg, volts, volts,  amps,   gals,   gals,      gph,   deg F,     psi,     Hg,    rpm,       %,   deg F,   deg F,   deg F,   deg F,   deg F,   deg F,   deg F,   deg F,   deg F,   deg F,   deg F,   deg F,   deg F,   deg F,  ft lbs,       %,   deg C,      gph,     Hg,    rpm,  ft lbs,       %,   deg C,  ft wgs,  kt, enum,    deg,    MHz,    MHz,     MHz,     MHz,    fsd,    fsd,     kt,    deg,     nm,    deg,    deg,   bool,  enum,   enum,   deg,   deg,   fpm,   enum,   mt,    mt,     mt,    mt,     mt
  Lcl Date, Lcl Time, UTCOfst, AtvWpt,     Latitude,    Longitude,  AltInd, BaroA,  AltMSL,   OAT,    IAS, GndSpd,    VSpd,  Pitch,   Roll,  LatAc, NormAc,   HDG,   TRK, volt1, volt2,  amp1,  FQtyL,  FQtyR, E1 FFlow, E1 OilT, E1 OilP, E1 MAP, E1 RPM, E1 %Pwr, E1 CHT1, E1 CHT2, E1 CHT3, E1 CHT4, E1 CHT5, E1 CHT6, E1 EGT1, E1 EGT2, E1 EGT3, E1 EGT4, E1 EGT5, E1 EGT6, E1 TIT1, E1 TIT2, E1 Torq,   E1 NG,  E1 ITT, E2 FFlow, E2 MAP, E2 RPM, E2 Torq,   E2 NG,  E2 ITT,  AltGPS, TAS, HSIS,    CRS,   NAV1,   NAV2,    COM1,    COM2,   HCDI,   VCDI, WndSpd,  WndDr, WptDst, WptBrg, MagVar, AfcsOn, RollM, PitchM, RollC, PichC, VSpdG, GPSfix,  HAL,   VAL, HPLwas, HPLfd, VPLwas
2024/5/27, 19:42:46,  +08:00,   GHN0,31.2556877,104.3620529,3424.5,29.65,3568.5,24,106.57,108.47,90.83,3.22,-35.62,-0.01,0.25,151.5,152.1,27.8,28.7,0,17.72,19.76,13.94,195.92,70.62,22.66,2480.4,0.65,329.13,323.97,336.13,328.67,        ,        ,1320.64,1313.45,1299.51,1344.01,1216.42,        ,        ,        ,        ,        ,        ,         ,       ,       ,        ,        ,        ,3436.7,116, NAV2,9,109.9,113.5,120.3,118.275,0.16,       ,9.18,-173.1,18.2,-171.7,-2.5,0,  NONE,   NONE,      ,      ,145.7, 3DDiff,3704,      ,65,98,72
2024/5/27, 19:42:47,  +08:00,   GHN0,31.255291,104.3624191,3426.5,29.65,3572.1,24,106.23,108.95,105.37,2.93,-38.45,-0.01,0.2,144.4,145,27.8,28.7,0,17.79,19.67,13.97,195.78,70.64,22.7,2481.9,0.65,329.09,323.95,336.09,328.63,        ,        ,1319.26,1313.16,1299.41,1344.67,1216.25,        ,        ,        ,        ,        ,        ,         ,       ,       ,        ,        ,        ,3440.3,116, NAV2,9,109.9,113.5,120.3,118.275,0.144,       ,9.2,-173.6,18.2,-171.7,-2.5,0,  NONE,   NONE,      ,      ,177.2, 3DDiff,3704,      ,73,128.5,74
2024/5/27, 19:42:48,  +08:00,   GHN0,31.2549286,104.3628387,3427.5,29.65,3573.6,24,105.8,109.69,99.87,2.86,-40.94,0,0.26,136.9,137.2,27.8,28.7,0,17.78,19.65,13.99,195.67,70.76,22.66,2479.6,0.65,329.05,323.93,336.06,328.58,        ,        ,1318.13,1312.2,1299.34,1344.13,1216.07,        ,        ,        ,        ,        ,        ,         ,       ,       ,        ,        ,        ,3441.8,116, NAV2,9,109.9,113.5,120.3,118.275,0.149,       ,9.17,-174.3,18.2,-171.6,-2.5,0,  NONE,   NONE,      ,      ,133.9, 3DDiff,3704,      ,73,128.5,74
2024/5/27, 19:42:49,  +08:00,   GHN0,31.2546215,104.363327,3429.5,29.65,3574.3,24,105.74,110.74,113.57,2.71,-43.06,0.01,0.32,128.7,129,27.8,28.7,0,17.77,19.64,14.02,195.56,70.7,22.67,2479.1,0.65,329.03,323.89,336.04,328.55,        ,        ,1319.33,1312.05,1298.92,1345.73,1215.9,        ,        ,        ,        ,        ,        ,         ,       ,       ,        ,        ,        ,3442.5,115, NAV2,9,109.9,113.5,120.3,118.275,0.131,       ,9.11,-175.3,18.2,-171.5,-2.5,0,  NONE,   NONE,      ,      ,47.2, 3DDiff,3704,      ,73,129,74
2024/5/27, 19:42:50,  +08:00,   GHN0,31.2543716,104.3638611,3430.5,29.65,3575.9,24,105.53,112.04,104.32,2.57,-44.79,-0.01,0.33,119.8,120.3,27.8,28.7,0,17.78,19.61,13.91,195.49,70.6,22.61,2479.2,0.65,328.99,323.87,336.02,328.52,        ,        ,1319.16,1312.05,1298.7,1345.29,1215.7,        ,        ,        ,        ,        ,        ,         ,       ,       ,        ,        ,        ,3444.1,115, NAV2,9,109.9,113.5,120.3,118.275,0.111,       ,9,-176.4,18.2,-171.4,-2.5,0,  NONE,   NONE,      ,      ,-15.7, 3DDiff,3704,      ,73,128,73
2024/5/27, 19:42:51,  +08:00,   GHN0,31.2542019,104.3644257,3429.5,29.65,3575.6,24,105.16,113.71,60.14,2.34,-45.48,0,0.42,110.2,111.6,27.8,28.7,0,17.77,19.6,13.94,195.46,70.71,22.64,2478.1,0.65,328.95,323.83,335.99,328.46,        ,        ,1319.19,1311.34,1298.72,1344.92,1215.53,        ,        ,        ,        ,        ,        ,         ,       ,       ,        ,        ,        ,3443.8,115, NAV2,9,109.9,113.5,120.3,118.275,0.105,       ,8.85,-177.7,18.2,-171.3,-2.5,0,  NONE,   NONE,      ,      ,-78.7, 3DDiff,3704,      ,65,107.5,85
2024/5/27, 19:42:52,  +08:00,   GHN0,31.2541161,104.3650284,3429.5,29.65,3573.9,24,105.39,115.56,22.61,2.8,-47.07,0.01,0.5,100,101.9,27.8,28.7,0,17.73,19.59,13.96,195.45,70.69,22.64,2477.6,0.65,328.92,323.8,335.96,328.43,        ,        ,1320.08,1310.84,1298.93,1344.3,1215.34,        ,        ,        ,        ,        ,        ,         ,       ,       ,        ,        ,        ,3442.2,115, NAV2,9,109.9,113.5,120.3,118.275,0.103,       ,8.64,-179,18.1,-171.2,-2.5,0,  NONE,   NONE,      ,      ,-110.2, 3DDiff,3704,      ,65,108,85
2024/5/27, 19:42:53,  +08:00,   GHN0,31.2541237,104.3656693,3429.5,29.65,3573,24,105.47,117.56,-10.37,2.74,-47.74,0,0.46,90.2,91.7,27.8,28.7,0,17.67,19.61,13.92,195.41,70.86,22.61,2477.6,0.64,328.89,323.78,335.92,328.4,        ,        ,1319.66,1311.1,1298.67,1343.57,1215.16,        ,        ,        ,        ,        ,        ,         ,       ,       ,        ,        ,        ,3441.2,115, NAV2,9,109.9,113.5,120.3,118.275,0.09,       ,8.36,179.7,18.2,-171.1,-2.5,0,  NONE,   NONE,      ,      ,-70.9, 3DDiff,3704,      ,66,108,86
2024/5/27, 19:42:54,  +08:00,   GHN0,31.2542229,104.3663025,3427.5,29.65,3571.9,24,105.6,119.59,-44.7,2.79,-46.94,0,0.49,79.6,81.9,27.8,28.7,0,17.63,19.61,13.98,195.37,70.89,22.59,2481,0.65,328.84,323.74,335.91,328.35,        ,        ,1318.91,1311.2,1298.58,1343.19,1215.01,        ,        ,        ,        ,        ,        ,         ,       ,       ,        ,        ,        ,3440.1,115, NAV2,9,109.9,113.5,120.3,118.275,0.079,       ,8.02,178.5,18.2,-171,-2.5,0,  NONE,   NONE,      ,      ,-66.9, 3DDiff,3704,      ,66,108,86
2024/5/27, 19:42:55,  +08:00,   GHN0,31.2544193,104.3669205,3425.5,29.65,3570.9,24,105.05,121.55,-81.31,3.2,-46.42,0,0.5,69.4,71.9,27.8,28.7,0,17.57,19.62,13.97,195.31,71,22.65,2477,0.65,328.81,323.72,335.87,328.32,        ,        ,1318.51,1310.51,1297.33,1343.49,1214.81,        ,        ,        ,        ,        ,        ,         ,       ,       ,        ,        ,        ,3439.1,115, NAV2,9,109.9,113.5,120.3,118.275,0.076,       ,7.62,177.5,18.2,-170.9,-2.5,0,  NONE,   NONE,      ,      ,-51.2, 3DDiff,3704,      ,66,108.5,86
2024/5/27, 19:42:56,  +08:00,   GHN0,31.2547131,104.3675079,3425.5,29.65,3568.2,24,104.62,123.16,-63.55,3.58,-46.69,-0.01,0.48,59.5,62.3,27.8,28.7,0,17.49,19.66,13.92,195.26,70.82,22.63,2475.8,0.65,328.8,323.69,335.84,328.28,        ,        ,1318.44,1309.93,1297.37,1343.64,1214.62,        ,        ,        ,        ,        ,        ,         ,       ,       ,        ,        ,        ,3436.4,114, NAV2,9,109.9,113.5,120.3,118.275,0.08,       ,7.18,177,18.2,-170.8,-2.5,0,  NONE,   NONE,      ,      ,-19.7, 3DDiff,3704,      ,65,107.5,85
2024/5/27, 19:42:57,  +08:00,   GHN0,31.2550755,104.3680267,3425.5,29.65,3566.2,24,104.64,124.6,-22.6,3.75,-48.25,0,0.46,49.5,52.9,27.8,28.7,0,17.45,19.68,13.91,195.24,70.96,22.61,2476.3,0.65,328.76,323.67,335.82,328.24,        ,        ,1317.68,1309.05,1297.18,1342.97,1214.44,        ,        ,        ,        ,        ,        ,         ,       ,       ,        ,        ,        ,3434.4,114, NAV2,9,109.9,113.5,120.3,118.275,0.075,       ,6.7,177.1,18.2,-170.8,-2.5,0,  NONE,   NONE,      ,      ,19.7, 3DDiff,3704,      ,65,107.5,85
2024/5/27, 19:42:58,  +08:00,   GHN0,31.2555199,104.3684769,3427.5,29.65,3565.9,24,104.48,125.79,17.2,3.45,-49.17,0,0.46,39,43.4,27.8,28.7,0,17.43,19.67,13.92,195.21,70.96,22.58,2476.2,0.65,328.73,323.65,335.79,328.21,        ,        ,1317.91,1308.44,1297.55,1342.22,1214.26,        ,        ,        ,        ,        ,        ,         ,       ,       ,        ,        ,        ,3434.1,114, NAV2,9,109.9,113.5,120.3,118.275,0.063,       ,6.22,178,18.3,-170.7,-2.5,0,  NONE,   NONE,      ,      ,-3.9, 3DDiff,3704,      ,65,108,86
2024/5/27, 19:42:59,  +08:00,   GHN0,31.2560215,104.3688278,3425.5,29.65,3564.4,24,104.09,126.76,9,2.81,-49.2,-0.02,0.49,28.1,33.8,27.8,28.7,0,17.43,19.64,13.87,195.15,70.89,22.57,2476.7,0.64,328.72,323.63,335.75,328.18,        ,        ,1318.3,1307.43,1296.77,1341.94,1214.06,        ,        ,        ,        ,        ,        ,         ,       ,       ,        ,        ,        ,3432.6,113, NAV2,9,109.9,113.5,120.3,118.275,0.057,       ,5.77,-179.9,18.3,-170.7,-2.5,0,  NONE,   NONE,      ,      ,-66.9, 3DDiff,3704,      ,66,108.5,86
2024/5/27, 19:43:00,  +08:00,   GHN0,31.2565784,104.3690796,3422.5,29.65,3561.9,24,103.95,127.54,-59.94,2.79,-49.91,0.01,0.47,17.6,24,27.8,28.7,0,17.41,19.62,13.92,195.1,71.03,22.61,2475.3,0.65,328.68,323.61,335.73,328.15,        ,        ,1317.71,1307.5,1296.48,1342.3,1213.85,        ,        ,        ,        ,        ,        ,         ,       ,       ,        ,        ,        ,3430.1,113, NAV2,9,109.9,113.5,120.3,118.275,0.05,       ,5.36,-176.4,18.3,-170.6,-2.5,0,  NONE,   NONE,      ,      ,-141.7, 3DDiff,3704,      ,66,108.5,86
2024/5/27, 19:43:01,  +08:00,   GHN0,31.2571564,104.3692322,3421.5,29.65,3552.7,24,104.08,128.04,-84.19,2.6,-49.82,-0.01,0.58,6.7,14.4,27.8,28.7,0,17.36,19.64,13.93,195.1,70.93,22.6,2476.4,0.64,328.65,323.59,335.7,328.12,        ,        ,1318.56,1307.9,1296.75,1342.57,1213.67,        ,        ,        ,        ,        ,        ,         ,       ,       ,        ,        ,        ,3421,113, NAV2,9,109.9,113.5,120.3,118.275,0.051,       ,5.05,-171.3,18.4,-170.6,-2.5,0,  NONE,   NONE,      ,      ,-212.6, 3DDiff,3704,      ,66,108.5,86
2024/5/27, 19:43:02,  +08:00,   GHN0,31.2577629,104.3692551,3417.5,29.65,3550.3,24,103.74,128.24,-111.8,2.24,-49.39,-0.01,0.52,356,4.3,27.8,28.7,0,17.35,19.64,13.92,195.15,70.9,22.56,2475.9,0.64,328.64,323.56,335.69,328.11,        ,        ,1318.97,1309.06,1296.76,1341.89,1213.52,        ,        ,        ,        ,        ,        ,         ,       ,       ,        ,        ,        ,3418.5,113, NAV2,9,109.9,113.5,120.3,118.275,0.058,       ,4.89,-164.8,18.4,-170.6,-2.5,0,  NONE,   NONE,      ,      ,-263.8, 3DDiff,3704,      ,66,107.5,86
2024/5/27, 19:43:03,  +08:00,   GHN0,31.2583542,104.3691559,3413.5,29.65,3545.6,24,104.1,128.2,-195.59,2.58,-49.06,0,0.57,344.7,354.4,27.8,28.7,0,17.29,19.65,13.91,195.19,70.99,22.6,2478.4,0.65,328.61,323.54,335.65,328.08,        ,        ,1318.16,1308.75,1296.75,1341.06,1213.34,        ,        ,        ,        ,        ,        ,         ,       ,       ,        ,        ,        ,3413.8,113, NAV2,9,109.9,113.5,120.3,118.275,0.066,       ,4.91,-157.6,18.4,-170.7,-2.5,0,  NONE,   NONE,      ,      ,-295.3, 3DDiff,3704,      ,66,107.5,86
2024/5/27, 19:43:04,  +08:00,   GHN0,31.2589169,104.3689423,3410.5,29.65,3541.4,24,104.03,127.73,-212.26,3.03,-48.85,-0.02,0.59,333.5,344.3,27.8,28.7,0,17.26,19.65,14.04,195.28,71,22.58,2475.5,0.64,328.59,323.53,335.62,328.05,        ,        ,1317.78,1308.29,1296.8,1340.18,1213.13,        ,        ,        ,        ,        ,        ,         ,       ,       ,        ,        ,        ,3409.6,113, NAV2,9,109.9,113.5,120.3,118.275,0.073,       ,5.14,-150.6,18.5,-170.7,-2.5,0,  NONE,   NONE,      ,      ,-255.9, 3DDiff,3704,      ,66,108,86
2024/5/27, 19:43:05,  +08:00,   GHN0,31.2594376,104.3686218,3407.5,29.65,3538.4,24,104.75,126.64,-217.9,3.08,-49.06,-0.01,0.55,322.4,334.3,27.8,28.7,0,17.23,19.66,13.99,195.4,71,22.56,2481.3,0.64,328.57,323.52,335.61,328.03,        ,        ,1317.76,1307.41,1296.72,1340.4,1212.94,        ,        ,        ,        ,        ,        ,         ,       ,       ,        ,        ,        ,3406.6,114, NAV2,9,109.9,113.5,120.3,118.275,0.071,       ,5.57,-144.8,18.5,-170.8,-2.5,0,  NONE,   NONE,      ,      ,-200.8, 3DDiff,3704,      ,66,108,86
2024/5/27, 19:43:06,  +08:00,   GHN0,31.2598915,104.3681946,3403.5,29.65,3535.9,24,104.64,125.09,-227.72,3.46,-49.54,0.02,0.59,311.2,324,27.8,28.7,0,17.2,19.64,14.01,195.45,71.06,22.54,2479.4,0.65,328.54,323.51,335.59,328,        ,        ,1318.51,1307.51,1296.99,1340.16,1212.78,        ,        ,        ,        ,        ,        ,         ,       ,       ,        ,        ,        ,3404.1,114, NAV2,9,109.9,113.5,120.3,118.275,0.064,       ,6.17,-140.6,18.5,-170.8,-2.5,0,  NONE,   NONE,      ,      ,-145.7, 3DDiff,3704,      ,66,108,86
2024/5/27, 19:43:07,  +08:00,   GHN0,31.2602673,104.367691,3401.5,29.65,3534.1,24,103.99,123.08,-196.51,2.91,-47.99,-0.02,0.48,300.3,313.8,27.8,28.7,0,17.16,19.64,13.95,195.5,71.13,22.59,2476.3,0.64,328.53,323.51,335.55,327.98,        ,        ,1319.26,1308.29,1296.26,1340.45,1212.59,        ,        ,        ,        ,        ,        ,         ,       ,       ,        ,        ,        ,3402.3,113, NAV2,9,109.9,113.5,120.3,118.275,0.065,       ,6.89,-137.9,18.5,-170.9,-2.5,0,  NONE,   NONE,      ,      ,-106.3, 3DDiff,3704,      ,66,108.5,86
2024/5/27, 19:43:08,  +08:00,   GHN0,31.2605705,104.3671265,3395.5,29.65,3536.1,24,103.42,120.69,-225.97,3.11,-46.25,-0.02,0.51,289.7,303.7,27.8,28.7,0,17.1,19.65,13.93,195.58,70.98,22.58,2476.6,0.64,328.51,323.5,335.52,327.97,        ,        ,1318.77,1308.19,1297.41,1340.77,1212.42,        ,        ,        ,        ,        ,        ,         ,       ,       ,        ,        ,        ,3404.3,113, NAV2,9,109.9,113.5,120.3,118.275,0.041,       ,7.7,-136.7,18.5,-171,-2.5,0,  NONE,   NONE,      ,      ,-149.6, 3DDiff,3704,      ,66,97.5,72
2024/5/27, 19:43:09,  +08:00,   GHN0,31.2607594,104.366539,3395.5,29.65,3529.3,24,102.92,118.57,-166.89,3.9,-45.64,0,0.53,279.6,293.9,27.8,28.7,0,17.05,19.7,13.87,195.67,71.08,22.59,2473.4,0.64,328.51,323.48,335.52,327.96,        ,        ,1318.32,1308.62,1297.87,1341.16,1212.21,        ,        ,        ,        ,        ,        ,         ,       ,       ,        ,        ,        ,3397.5,112, NAV2,9,109.9,113.5,120.3,118.275,0.035,       ,8.56,-136.6,18.6,-171.1,-2.5,0,  NONE,   NONE,      ,      ,-47.2, 3DDiff,3704,      ,66,107.5,86
2024/5/27, 19:43:10,  +08:00,   GHN0,31.2608681,104.3659286,3395.5,29.65,3531.1,24,102.49,116.01,-79,4.84,-44.63,-0.03,0.5,269.5,283.9,27.8,28.7,0,17,19.77,13.93,195.79,71.05,22.53,2475.5,0.64,328.48,323.48,335.49,327.96,        ,        ,1317.78,1307.88,1296.61,1341.06,1212.04,        ,        ,        ,        ,        ,        ,         ,       ,       ,        ,        ,        ,3399.3,112, NAV2,9,109.9,113.5,120.3,118.275,0.047,       ,9.45,-137.4,18.6,-171.2,-2.5,0,  NONE,   NONE,      ,      ,86.6, 3DDiff,3704,      ,66,108,86
2024/5/27, 19:43:11,  +08:00,   GHN0,31.2608776,104.3653183,3396.5,29.65,3534.9,24,102.2,113.17,-19.58,4.99,-48.07,0.01,0.45,259.8,273.8,27.8,28.7,0,16.97,19.79,13.83,195.87,71.13,22.56,2474.8,0.64,328.47,323.48,335.48,327.95,        ,        ,1317.54,1307.99,1296.21,1341.77,1211.83,        ,        ,        ,        ,        ,        ,         ,       ,       ,        ,        ,        ,3403.2,111, NAV2,9,109.9,113.5,120.3,118.275,0.054,       ,10.34,-138.9,18.6,-171.3,-2.5,0,  NONE,   NONE,      ,      ,212.6, 3DDiff,3704,      ,66,108,86
2024/5/27, 19:43:12,  +08:00,   GHN0,31.2607994,104.3647308,3401.5,29.65,3538.5,24,101.41,110.41,96.53,4.28,-46.87,-0.02,0.41,249.6,263.5,27.8,28.7,0,16.94,19.79,13.88,195.9,71.09,22.56,2472.6,0.64,328.46,323.47,335.45,327.92,        ,        ,1317.54,1308.43,1295.65,1341.64,1211.67,        ,        ,        ,        ,        ,        ,         ,       ,       ,        ,        ,        ,3406.8,110, NAV2,9,109.9,113.5,120.3,118.275,0.069,       ,11.22,-140.8,18.5,-171.4,-2.5,0,  NONE,   NONE,      ,      ,220.5, 3DDiff,3704,      ,66,108.5,86
2024/5/27, 19:43:13,  +08:00,   GHN0,31.260643,104.3641815,3402.5,29.65,3545.3,24,101.19,107.81,136.8,3.54,-48.43,-0.01,0.39,239.7,253.3,27.8,28.7,0,16.94,19.75,13.82,195.93,71.11,22.53,2478.4,0.64,328.45,323.47,335.44,327.91,        ,        ,1316.28,1308.17,1295.88,1341.44,1211.46,        ,        ,        ,        ,        ,        ,         ,       ,       ,        ,        ,        ,3413.5,110, NAV2,9,109.9,113.5,120.3,118.275,0.08,       ,12.05,-143.1,18.5,-171.5,-2.5,0,  NONE,   NONE,      ,      ,145.7, 3DDiff,3704,      ,66,98,74
2024/5/27, 19:43:14,  +08:00,   GHN0,31.260397,104.363678,3403.5,29.65,3546.8,24,101.1,105.59,116.07,3.13,-47.47,0.01,0.39,229.9,242.6,27.8,28.7,0,16.9,19.78,13.9,195.96,71.05,22.49,2477.4,0.64,328.45,323.47,335.43,327.92,        ,        ,1316.68,1308.29,1295.87,1341.54,1211.29,        ,        ,        ,        ,        ,        ,         ,       ,       ,        ,        ,        ,3415,110, NAV2,9,109.9,113.5,120.3,118.275,0.082,       ,12.84,-145.7,18.5,-171.6,-2.5,0,  NONE,   NONE,      ,      ,39.4, 3DDiff,3704,      ,66,103,79
2024/5/27, 19:43:15,  +08:00,   GHN0,31.2600861,104.3632584,3403.5,29.65,3545.4,24,100.58,103.76,86.41,2.56,-46.35,-0.02,0.37,219.6,231.9,27.8,28.7,0,16.87,19.84,13.83,196.04,70.93,22.52,2474.8,0.64,328.44,323.49,335.4,327.91,        ,        ,1317.82,1309.31,1296.25,1341.77,1211.09,        ,        ,        ,        ,        ,        ,         ,       ,       ,        ,        ,        ,3413.6,109, NAV2,9,109.9,113.5,120.3,118.275,0.085,       ,13.57,-148.5,18.5,-171.6,-2.5,0,  NONE,   NONE,      ,      ,-51.2, 3DDiff,3704,      ,66,103,79
2024/5/27, 19:43:16,  +08:00,   GHN0,31.2597141,104.3629074,3402.5,29.65,3543.9,24,100.68,102.27,30.49,1.99,-46.89,-0.01,0.39,209.5,221,27.8,28.7,0,16.84,19.85,13.94,196.19,70.88,22.53,2476,0.64,328.44,323.5,335.39,327.91,        ,        ,1317.8,1309.81,1296.75,1341.81,1210.91,        ,        ,        ,        ,        ,        ,         ,       ,       ,        ,        ,        ,3411.9,109, NAV2,9,109.9,113.5,120.3,118.275,0.107,       ,14.24,-151.3,18.5,-171.7,-2.5,0,  NONE,   NONE,      ,      ,-110.2, 3DDiff,3704,      ,66,103,79
2024/5/27, 19:43:17,  +08:00,   GHN0,31.2592964,104.3626556,3399.5,29.65,3541.1,24,100.79,101.2,-44.56,1.74,-44.98,-0.01,0.44,199.3,210.2,27.8,28.7,0,16.83,19.86,13.88,196.44,70.89,22.51,2478.2,0.64,328.44,323.5,335.38,327.91,        ,        ,1318.04,1309.46,1296.75,1342.82,1210.74,        ,        ,        ,        ,        ,        ,         ,       ,       ,        ,        ,        ,3409.1,109, NAV2,9,109.9,113.5,120.3,118.275,0.12,       ,14.84,-154.3,18.4,-171.7,-2.5,0,  NONE,   NONE,      ,      ,-161.4, 3DDiff,3704,      ,66,114,86
2024/5/27, 19:43:18,  +08:00,   GHN0,31.2588463,104.3624878,3394.5,29.65,3538.6,24,100.82,100.65,-148.69,0.14,-38.31,-0.05,0.23,190.4,199.3,27.8,28.7,0,16.82,19.89,13.82,196.64,71,22.48,2479,0.64,328.43,323.5,335.37,327.92,        ,        ,1318.13,1309.92,1296.26,1342.76,1210.56,        ,        ,        ,        ,        ,        ,         ,       ,       ,        ,        ,        ,3406.6,110, NAV2,9,109.9,113.5,120.3,118.275,0.129,       ,15.35,-157.4,18.4,-171.7,-2.5,0,  NONE,   NONE,      ,      ,-165.4, 3DDiff,3704,      ,66,114,86
2024/5/27, 19:43:19,  +08:00,   GHN0,31.2583847,104.3624191,3391.5,29.65,3535.3,24,101.34,100.71,-216.3,1.36,-29.61,-0.03,0.28,183.9,190.6,27.8,28.7,0,16.78,19.97,13.82,196.83,71.01,22.51,2481.5,0.64,328.43,323.52,335.35,327.91,        ,        ,1318.71,1310.21,1295.66,1342.26,1210.37,        ,        ,        ,        ,        ,        ,         ,       ,       ,        ,        ,        ,3403.3,110, NAV2,9,109.9,113.5,120.3,118.275,0.144,       ,15.79,-160.5,18.4,-171.7,-2.5,0,  NONE,   NONE,      ,      ,-208.7, 3DDiff,3704,      ,66,114,86
2024/5/27, 19:43:20,  +08:00,   GHN0,31.2579174,104.3624115,3387.5,29.65,3530.7,24,101.71,101,-255.18,1.05,-22.7,-0.01,0.03,180.3,183.7,27.8,28.7,0,16.75,20.18,13.8,196.91,71.06,22.52,2483.2,0.64,328.43,323.52,335.35,327.93,        ,        ,1319.33,1309.96,1296.31,1342.57,1210.19,        ,        ,        ,        ,        ,        ,         ,       ,       ,        ,        ,        ,3398.8,111, NAV2,9,109.9,113.5,120.3,118.275,0.163,       ,16.15,-163.7,18.4,-171.7,-2.5,0,  NONE,   NONE,      ,      ,-90.6, 3DDiff,3704,      ,66,114,85
2024/5/27, 19:43:21,  +08:00,   GHN0,31.2574501,104.362442,3388.5,29.65,3529.2,24,101.81,101.37,-160.11,1.19,-16.08,-0.03,0.03,176.6,179.1,27.8,28.7,0,16.72,20.32,13.77,196.94,70.98,22.51,2483.8,0.64,328.45,323.55,335.34,327.93,        ,        ,1319.68,1311.63,1296.74,1344.03,1210,        ,        ,        ,        ,        ,        ,         ,       ,       ,        ,        ,        ,3397.3,111, NAV2,9,109.9,113.5,120.3,118.275,0.142,       ,16.42,-166.7,18.3,-171.7,-2.5,0,  NONE,   NONE,      ,      ,-78.7, 3DDiff,3704,      ,66,114,85
2024/5/27, 19:43:22,  +08:00,   GHN0,31.2569771,104.3625107,3387.5,29.65,3527.6,24,101.83,101.84,-98.02,1.83,-9.77,-0.03,0.13,174,175.8,27.8,28.7,0,16.7,20.4,13.8,196.94,70.92,22.47,2485.7,0.64,328.45,323.57,335.32,327.95,        ,        ,1319.97,1312.44,1297.64,1344.14,1209.8,        ,        ,        ,        ,        ,        ,         ,       ,       ,        ,        ,        ,3395.6,111, NAV2,9,109.9,113.5,120.3,118.275,0.133,       ,16.63,-169.6,18.3,-171.7,-2.5,0,  NONE,   NONE,      ,      ,-78.7, 3DDiff,3704,      ,66,114,86
2024/5/27, 19:43:23,  +08:00,   GHN0,31.2565098,104.3625946,3385.5,29.65,3528.3,24,101.96,102.15,-109.78,2.64,-2.02,-0.03,0.06,173,173.8,27.8,28.7,0,16.67,20.52,13.82,196.92,70.97,22.49,2485.1,0.64,328.44,323.57,335.32,327.95,        ,        ,1321.51,1312.21,1297.93,1344.35,1209.65,        ,        ,        ,        ,        ,        ,         ,       ,       ,        ,        ,        ,3396.3,111, NAV2,9,109.9,113.5,120.3,118.275,0.162,       ,16.78,-172.2,18.3,-171.7,-2.5,0,  NONE,   NONE,      ,      ,35.4, 3DDiff,3704,      ,66,114,86
2024/5/27, 19:43:24,  +08:00,   GHN0,31.2560425,104.3626862,3389.5,29.65,3530.8,24,102.25,102.25,-23.13,3.14,5.58,-0.02,0.07,174.1,173.1,27.8,28.7,0,16.65,20.68,13.85,196.99,71.01,22.52,2484.9,0.64,328.46,323.59,335.31,327.97,        ,        ,1321.41,1312.57,1298.94,1345.25,1209.42,        ,        ,        ,        ,        ,        ,         ,       ,       ,        ,        ,        ,3398.8,111, NAV2,9,109.9,113.5,120.3,118.275,0.173,       ,16.86,-174.7,18.3,-171.6,-2.5,0,  NONE,   NONE,      ,      ,149.6, 3DDiff,3704,      ,66,114,86
2024/5/27, 19:43:25,  +08:00,   GHN0,31.2555752,104.3627701,3391.5,29.65,3534.9,24,102.27,102.03,60.77,3.77,14.26,-0.01,0.09,177.6,173.9,27.8,28.7,0,16.63,20.84,13.78,197.1,70.88,22.48,2482.6,0.64,328.46,323.61,335.31,327.98,        ,        ,1322.52,1310.94,1300.52,1345.31,1209.22,        ,        ,        ,        ,        ,        ,         ,       ,       ,        ,        ,        ,3402.9,111, NAV2,9,109.9,113.5,120.3,118.275,0.132,       ,16.89,-177,18.2,-171.6,-2.5,0,  NONE,   NONE,      ,      ,244.1, 3DDiff,3704,      ,66,114,86
2024/5/27, 19:43:26,  +08:00,   GHN0,31.2551022,104.3628235,3397.5,29.65,3544.6,24,101.68,101.51,182.22,3.9,23.07,0,0.09,181,176.9,27.8,28.7,0,16.66,20.96,13.77,197.2,70.77,22.46,2479.7,0.64,328.48,323.64,335.31,328,        ,        ,1321.99,1311.57,1301.28,1344.89,1209.08,        ,        ,        ,        ,        ,        ,         ,       ,       ,        ,        ,        ,3412.6,111, NAV2,9,109.9,113.5,120.3,118.275,0.1,       ,16.87,-178.9,18.2,-171.6,-2.5,0,  NONE,   NONE,      ,      ,378, 3DDiff,3704,      ,66,114,85
2024/5/27, 19:43:27,  +08:00,   GHN0,31.2546349,104.3628311,3402.5,29.65,3551.5,24,100.92,100.89,261.76,3.58,30.75,0,0.07,185.7,181.5,27.8,28.7,0,16.69,20.94,13.78,197.27,70.71,22.52,2478.3,0.64,328.5,323.66,335.29,328.01,        ,        ,1322.11,1312.07,1300.84,1345.21,1208.9,        ,        ,        ,        ,        ,        ,         ,       ,       ,        ,        ,        ,3419.5,110, NAV2,9,109.9,113.5,120.3,118.275,0.103,       ,16.81,179.5,18.2,-171.6,-2.5,0,  NONE,   NONE,      ,      ,401.6, 3DDiff,3704,      ,66,114,85
2024/5/27, 19:43:28,  +08:00,   GHN0,31.2541676,104.3627853,3408.5,29.65,3556.4,24,100.31,100.42,315.1,2.74,37.62,-0.02,0.12,192.4,187.5,27.8,28.7,0,16.7,20.91,13.75,197.29,70.66,22.49,2476.4,0.64,328.51,323.68,335.31,328.04,        ,        ,1320.85,1312.32,1301.44,1345.18,1208.7,        ,        ,        ,        ,        ,        ,         ,       ,       ,        ,        ,        ,3424.5,109, NAV2,9,109.9,113.5,120.3,118.275,0.089,       ,16.7,178.2,18.1,-171.6,-2.5,0,  NONE,   NONE,      ,      ,299.2, 3DDiff,3704,      ,66,114,85
2024/5/27, 19:43:29,  +08:00,   GHN0,31.2537174,104.3626709,3412.5,29.65,3558.7,24,100.26,100.26,324.38,1.46,42.71,0,0.17,200,194.9,27.8,28.7,0,16.73,20.9,13.79,197.32,70.63,22.48,2475.4,0.64,328.52,323.72,335.3,328.05,        ,        ,1320.86,1311.75,1301.46,1344.85,1208.53,        ,        ,        ,        ,        ,        ,         ,       ,       ,        ,        ,        ,3426.7,109, NAV2,9,109.9,113.5,120.3,118.275,0.091,       ,16.55,177.4,18.1,-171.6,-2.5,0,  NONE,   NONE,      ,      ,133.9, 3DDiff,3704,      ,66,114,86
2024/5/27, 19:43:30,  +08:00,   GHN0,31.2532787,104.3624725,3415.5,29.65,3556.7,24,100.27,100.56,265.9,1.08,45.85,0,0.31,210,203.6,27.8,28.7,0,16.78,20.86,13.74,197.37,70.6,22.44,2475,0.64,328.53,323.74,335.3,328.06,        ,        ,1321.08,1311.51,1300.73,1344.5,1208.36,        ,        ,        ,        ,        ,        ,         ,       ,       ,        ,        ,        ,3424.7,109, NAV2,9,109.9,113.5,120.3,118.275,0.088,       ,16.33,176.9,18.1,-171.6,-2.5,0,  NONE,   NONE,      ,      ,-78.7, 3DDiff,3704,      ,66,102.5,80
2024/5/27, 19:43:31,  +08:00,   GHN0,31.2528763,104.3621826,3416.5,29.65,3552.3,24,100.95,101.27,180.52,0.4,47.4,0.01,0.39,220,214,27.8,28.7,0,16.83,20.79,13.7,197.36,70.67,22.47,2475.2,0.64,328.57,323.77,335.31,328.08,        ,        ,1322.01,1311.45,1299.84,1344.99,1208.16,        ,        ,        ,        ,        ,        ,         ,       ,       ,        ,        ,        ,3420.3,110, NAV2,9,109.9,113.5,120.3,118.275,0.105,       ,16.04,176.8,18.1,-171.7,-2.5,0,  NONE,   NONE,      ,      ,-228.3, 3DDiff,3704,      ,66,103,80
2024/5/27, 19:43:32,  +08:00,   GHN0,31.2525253,104.3618164,3414.5,29.65,3543.7,24,101.61,102.62,60.7,-0.21,47.12,0.02,0.46,230.2,225,27.8,28.7,0,16.9,20.66,13.74,197.3,70.67,22.5,2477.4,0.64,328.58,323.79,335.32,328.1,        ,        ,1322.22,1311.36,1299.04,1345.23,1207.99,        ,        ,        ,        ,        ,        ,         ,       ,       ,        ,        ,        ,3411.7,111, NAV2,9,109.9,113.5,120.3,118.275,0.112,       ,15.68,177.1,18,-171.7,-2.5,0,  NONE,   NONE,      ,      ,-350.4, 3DDiff,3704,      ,66,102,79
2024/5/27, 19:43:33,  +08:00,   GHN0,31.2522335,104.3613586,3411.5,29.65,3536.1,24,102.36,104.56,-69.82,-0.47,46.26,-0.01,0.44,240.6,236,27.8,28.7,0,16.97,20.55,13.76,197.16,70.83,22.49,2477.3,0.64,328.59,323.82,335.31,328.11,        ,        ,1321.72,1311.07,1298.29,1344.94,1207.79,        ,        ,        ,        ,        ,        ,         ,       ,       ,        ,        ,        ,3404.1,111, NAV2,9,109.9,113.5,120.3,118.275,0.125,       ,15.24,177.8,18,-171.8,-2.5,0,  NONE,   NONE,      ,      ,-433.1, 3DDiff,3704,      ,66,102,79
2024/5/27, 19:43:34,  +08:00,   GHN0,31.2520199,104.3608398,3405.5,29.65,3528.2,24,102.87,106.76,-210.64,-0.05,45.62,0.01,0.5,251.2,246.8,27.8,28.7,0,17.05,20.43,13.81,197.01,70.68,22.45,2480,0.64,328.6,323.84,335.32,328.13,        ,        ,1321.77,1309.35,1298.52,1343.96,1207.6,        ,        ,        ,        ,        ,        ,         ,       ,       ,        ,        ,        ,3396.3,112, NAV2,9,109.9,113.5,120.3,118.275,0.131,       ,14.72,178.9,18,-171.9,-2.5,0,  NONE,   NONE,      ,      ,-456.7, 3DDiff,3704,      ,66,102.5,79
2024/5/27, 19:43:35,  +08:00,   GHN0,31.2518902,104.3602676,3399.5,29.65,3521.6,24,103.24,109.09,-300.14,0.79,45.88,0.01,0.53,261.9,257.6,27.8,28.7,0,17.13,20.3,13.78,196.87,70.84,22.52,2481.5,0.64,328.63,323.88,335.31,328.15,        ,        ,1322.19,1308.64,1298.66,1342.44,1207.4,        ,        ,        ,        ,        ,        ,         ,       ,       ,        ,        ,        ,3389.6,112, NAV2,9,109.9,113.5,120.3,118.275,0.139,       ,14.12,-179.8,18,-172,-2.5,0,  NONE,   NONE,      ,      ,-393.7, 3DDiff,3704,      ,66,102.5,80
2024/5/27, 19:43:36,  +08:00,   GHN0,31.2518482,104.3596573,3393.5,29.65,3519.5,24,103.35,111.44,-361.88,1.19,44.4,0,0.52,272.6,268.4,27.8,28.7,0,17.19,20.18,13.82,196.78,70.76,22.51,2480.9,0.64,328.65,323.9,335.32,328.17,        ,        ,1322.93,1308.49,1297.77,1342.19,1207.21,        ,        ,        ,        ,        ,        ,         ,       ,       ,        ,        ,        ,3387.5,113, NAV2,9,109.9,113.5,120.3,118.275,0.141,       ,13.43,-178.3,18,-172.1,-2.5,0,  NONE,   NONE,      ,      ,-275.6, 3DDiff,3704,      ,66,97,73
2024/5/27, 19:43:37,  +08:00,   GHN0,31.2519073,104.3590469,3392.5,29.65,3517,24,103.56,113.52,-306.42,2.1,44.34,0.02,0.5,282.6,278.9,27.8,28.7,0,17.25,20.08,13.89,196.68,70.91,22.52,2478.3,0.64,328.67,323.93,335.33,328.18,        ,        ,1322.5,1307.65,1297.46,1342.3,1207.02,        ,        ,        ,        ,        ,        ,         ,       ,       ,        ,        ,        ,3385,113, NAV2,9,109.9,113.5,120.3,118.275,0.14,       ,12.68,-176.6,18,-172.2,-2.5,0,  NONE,   NONE,      ,      ,-153.5, 3DDiff,3704,      ,66,97.5,74
2024/5/27, 19:43:38,  +08:00,   GHN0,31.2520504,104.3584442,3386.5,29.65,3515.3,24,102.78,115.41,-251.94,2.85,45.77,-0.01,0.43,291.6,288.9,27.8,28.7,0,17.35,19.93,13.86,196.53,70.82,22.48,2476.8,0.64,328.69,323.95,335.34,328.2,        ,        ,1321.39,1307.41,1297.22,1342.79,1206.87,        ,        ,        ,        ,        ,        ,         ,       ,       ,        ,        ,        ,3383.3,112, NAV2,9,109.9,113.5,120.3,118.275,0.136,       ,11.87,-174.9,18,-172.3,-2.5,0,  NONE,   NONE,      ,      ,-35.4, 3DDiff,3704,      ,66,107.5,86
2024/5/27, 19:43:39,  +08:00,   GHN0,31.252285,104.3578644,3381.5,29.65,3517.4,24,102.23,117.12,-273.42,2.57,46.19,0,0.47,302.5,298.4,27.8,28.7,0,17.35,19.81,13.79,196.36,70.89,22.51,2477,0.64,328.7,323.99,335.34,328.22,        ,        ,1320.22,1307.01,1296.35,1343.45,1206.67,        ,        ,        ,        ,        ,        ,         ,       ,       ,        ,        ,        ,3385.4,111, NAV2,9,109.9,113.5,120.3,118.275,0.188,       ,11.01,-173.3,18,-172.4,-2.5,0,  NONE,   NONE,      ,      ,0, 3DDiff,3704,      ,66,107.5,86
2024/5/27, 19:43:40,  +08:00,   GHN0,31.2526093,104.357338,3387.5,29.65,3518.6,24,102.67,118.73,-105.76,2.26,47.24,0.01,0.46,312.9,308.2,27.8,28.7,0,17.35,19.8,13.78,196.24,70.68,22.53,2474.8,0.64,328.74,324.03,335.36,328.23,        ,        ,1319.61,1307.15,1297.07,1343.58,1206.47,        ,        ,        ,        ,        ,        ,         ,       ,       ,        ,        ,        ,3386.6,112, NAV2,9,109.9,113.5,120.3,118.275,0.223,       ,10.14,-171.8,18,-172.4,-2.5,0,  NONE,   NONE,      ,      ,19.7, 3DDiff,3704,      ,66,107.5,86
2024/5/27, 19:43:41,  +08:00,   GHN0,31.2530098,104.3568802,3387.5,29.65,3519.8,24,102.08,120.21,18.38,2.88,46.55,0,0.46,323.2,318.1,27.8,28.7,0,17.43,19.73,13.85,196.18,70.71,22.51,2475.3,0.64,328.75,324.05,335.35,328.26,        ,        ,1318.92,1307.28,1297.62,1344.41,1206.27,        ,        ,        ,        ,        ,        ,         ,       ,       ,        ,        ,        ,3387.8,111, NAV2,9,109.9,113.5,120.3,118.275,0.169,       ,9.26,-170.7,18,-172.5,-2.5,0,  NONE,   NONE,      ,      ,19.7, 3DDiff,3704,      ,66,107.5,86
2024/5/27, 19:43:42,  +08:00,   GHN0,31.2534733,104.3565063,3385.5,29.65,3520.2,24,101.85,121.43,2.47,2.44,47.63,-0.01,0.43,333.6,328,27.8,28.7,0,17.42,19.62,13.78,196.17,70.78,22.47,2473.8,0.64,328.77,324.09,335.37,328.28,        ,        ,1318.33,1306.49,1298.5,1344.22,1206.09,        ,        ,        ,        ,        ,        ,         ,       ,       ,        ,        ,        ,3388.2,111, NAV2,9,109.9,113.5,120.3,118.275,0.171,       ,8.38,-170.2,18.1,-172.6,-2.5,0,  NONE,   NONE,      ,      ,31.5, 3DDiff,3704,      ,66,108,86
2024/5/27, 19:43:43,  +08:00,   GHN0,31.2540073,104.3562317,3385.5,29.65,3525.1,24,101.43,122.52,-8.96,2.23,47.31,0.02,0.47,344.1,337.4,27.8,28.7,0,17.43,19.58,13.74,196.16,70.82,22.52,2474.6,0.64,328.78,324.14,335.37,328.3,        ,        ,1318.95,1306.31,1298.63,1343.76,1205.9,        ,        ,        ,        ,        ,        ,         ,       ,       ,        ,        ,        ,3393.2,110, NAV2,9,109.9,113.5,120.3,118.275,0.185,       ,7.53,-170.4,18.1,-172.7,-2.5,0,  NONE,   NONE,      ,      ,7.9, 3DDiff,3704,      ,       ,165.5,       
2024/5/27, 19:43:44,  +08:00,   GHN0,31.2545643,104.3560486,3386.5,29.65,3524.9,24,101.83,123.2,-14.32,1.87,48.11,0,0.45,354.9,347,27.8,28.7,0,17.45,19.53,13.8,196.11,70.76,22.5,2476.8,0.64,328.82,324.16,335.37,328.33,        ,        ,1319.24,1306.36,1299.03,1343.33,1205.69,        ,        ,        ,        ,        ,        ,         ,       ,       ,        ,        ,        ,3393,111, NAV2,9,109.9,113.5,120.3,118.275,0.186,       ,6.73,-171.8,18.1,-172.7,-2.5,0,  NONE,   NONE,      ,      ,-55.1,     3D,3704,      ,       ,165.5,       
2024/5/27, 19:43:45,  +08:00,   GHN0,31.2551346,104.3559799,3387.5,29.65,3523.9,24,101.92,123.76,38.93,1.85,47.04,0,0.47,5.5,356.6,27.8,28.7,0,17.48,19.5,13.75,196.08,70.81,22.51,2474,0.64,328.85,324.2,335.41,328.34,        ,        ,1319.2,1307.09,1298.71,1343.03,1205.5,        ,        ,        ,        ,        ,        ,         ,       ,       ,        ,        ,        ,3391.9,111, NAV2,9,109.9,113.5,120.3,118.275,0.185,       ,6.02,-174.8,18.2,-172.7,-2.5,0,  NONE,   NONE,      ,      ,-70.9,     3D,3704,      ,       ,165.5,       
2024/5/27, 19:43:46,  +08:00,   GHN0,31.2557144,104.3560333,3385.5,29.65,3523.4,24,101.73,124,-15.32,2.22,47.27,0.01,0.5,16.1,6.4,27.8,28.7,0,17.5,19.43,13.76,196.12,70.8,22.45,2475.2,0.64,328.85,324.24,335.41,328.37,        ,        ,1319.12,1306.73,1297.88,1342.02,1205.26,        ,        ,        ,        ,        ,        ,         ,       ,       ,        ,        ,        ,3391.4,111, NAV2,9,109.9,113.5,120.3,118.275,0.186,       ,5.44,-179.5,18.2,-172.7,-2.5,0,  NONE,   NONE,      ,      ,-70.9,     3D,3704,      ,       ,165.5,       
2024/5/27, 19:43:47,  +08:00,   GHN0,31.2562637,104.3561783,3385.5,29.65,3514.4,24,101.9,123.92,-36.56,2.14,46.3,0.01,0.48,26.6,15.8,27.8,28.7,0,17.51,19.37,13.72,196.22,70.92,22.5,2475.1,0.64,328.89,324.29,335.43,328.38,        ,        ,1319.12,1307.64,1297.91,1341.3,1205.11,        ,        ,        ,        ,        ,        ,         ,       ,       ,        ,        ,        ,3382.4,111, NAV2,9,109.9,113.5,120.3,118.275,0.192,       ,5.05,173.8,18.2,-172.7,-2.5,0,  NONE,   NONE,      ,      ,-51.2, 3DDiff,3704,      ,76,315.5,92
2024/5/27, 19:43:48,  +08:00,   GHN0,31.256773,104.3564224,3384.5,29.65,3506.6,24,101.77,123.41,-44.85,2.19,47.42,0,0.46,37,25.1,27.8,28.7,0,17.5,19.33,13.8,196.24,70.83,22.51,2474.1,0.64,328.92,324.31,335.44,328.4,        ,        ,1319.1,1308.19,1299.24,1341.34,1204.93,        ,        ,        ,        ,        ,        ,         ,       ,       ,        ,        ,        ,3374.6,111, NAV2,9,109.9,113.5,120.3,118.275,0.2,       ,4.89,165.8,18.3,-172.7,-2.5,0,  NONE,   NONE,      ,      ,-35.4, 3DDiff,3704,      ,76,316,92
2024/5/27, 19:43:49,  +08:00,   GHN0,31.2572556,104.356781,3382.5,29.65,3507,24,101.52,122.6,-61.7,2.12,45.81,0.02,0.48,47.8,34.7,27.8,28.7,0,17.48,19.27,13.82,196.22,70.86,22.5,2473.6,0.64,328.94,324.36,335.45,328.44,        ,        ,1319.27,1309.2,1298.8,1341.07,1204.75,        ,        ,        ,        ,        ,        ,         ,       ,       ,        ,        ,        ,3375,110, NAV2,9,109.9,113.5,120.3,118.275,0.188,       ,4.99,157.6,18.3,-172.6,-2.5,0,  NONE,   NONE,      ,      ,-23.6, 3DDiff,3704,      ,76,317,92
2024/5/27, 19:43:50,  +08:00,   GHN0,31.2576942,104.3572464,3384.5,29.65,3527.3,24,101.37,121.3,-26.47,2.29,48.26,-0.01,0.41,57.8,44.7,27.8,28.7,0,17.48,19.24,13.75,196.23,70.81,22.45,2472.4,0.64,328.96,324.4,335.47,328.47,        ,        ,1318.74,1309.11,1298.49,1341.18,1204.57,        ,        ,        ,        ,        ,        ,         ,       ,       ,        ,        ,        ,3395.3,110, NAV2,9,109.9,113.5,120.3,118.275,0.191,       ,5.35,150.6,18.3,-172.6,-2.5,0,  NONE,   NONE,      ,      ,-11.8, 3DDiff,3704,      ,76,316,92
2024/5/27, 19:43:51,  +08:00,   GHN0,31.2580376,104.3577576,3377.5,29.65,3516.9,24,100.3,119.86,-99.64,1.7,47.68,0.03,0.46,68.6,54.3,27.8,28.7,0,17.5,19.2,13.72,196.3,70.85,22.5,2472.9,0.64,329,324.44,335.47,328.48,        ,        ,1319.07,1308.7,1298.01,1342.04,1204.36,        ,        ,        ,        ,        ,        ,         ,       ,       ,        ,        ,        ,3384.9,109, NAV2,9,109.9,113.5,120.3,118.275,0.197,       ,5.9,145.6,18.3,-172.5,-2.5,0,  NONE,   NONE,      ,      ,-51.2, 3DDiff,3704,      ,76,316.5,92
2024/5/27, 19:43:52,  +08:00,   GHN0,31.2582932,104.3583145,3379.5,29.65,3510.7,24,100.84,118.17,-103.18,1.1,48.46,-0.01,0.47,80.1,64.1,27.8,28.7,0,17.44,19.17,13.73,196.42,70.65,22.47,2471.2,0.64,329.04,324.48,335.5,328.52,        ,        ,1318.56,1308.29,1298.01,1343.2,1204.19,        ,        ,        ,        ,        ,        ,         ,       ,       ,        ,        ,        ,3378.7,110, NAV2,9,109.9,113.5,120.3,118.275,0.201,       ,6.59,142.7,18.4,-172.4,-2.5,0,  NONE,   NONE,      ,      ,-137.8, 3DDiff,3704,      ,66,116.5,86
2024/5/27, 19:43:53,  +08:00,   GHN0,31.258461,104.358902,3381.5,29.65,3507.9,24,101.43,116.16,-6.21,1.45,46.46,0.01,0.52,91,74.5,27.8,28.7,0,17.47,19.17,13.8,196.59,70.81,22.47,2471.3,0.64,329.06,324.53,335.52,328.54,        ,        ,1319.21,1308.11,1298.16,1343.34,1203.99,        ,        ,        ,        ,        ,        ,         ,       ,       ,        ,        ,        ,3375.9,110, NAV2,9,109.9,113.5,120.3,118.275,0.202,       ,7.37,141.5,18.4,-172.3,-2.5,0,  NONE,   NONE,      ,      ,-177.2, 3DDiff,3704,      ,66,115,86
2024/5/27, 19:43:54,  +08:00,   GHN0,31.2585278,104.3595123,3378.5,29.65,3505.1,24,101.04,113.99,-28.55,1.96,45.81,0,0.47,101.4,84.9,27.8,28.7,0,17.5,19.11,13.84,196.67,70.79,22.42,2471.2,0.64,329.1,324.57,335.53,328.57,        ,        ,1318.24,1308.05,1297.97,1343.14,1203.81,        ,        ,        ,        ,        ,        ,         ,       ,       ,        ,        ,        ,3373.1,110, NAV2,9,109.9,113.5,120.3,118.275,0.19,       ,8.22,141.6,18.4,-172.2,-2.5,0,  NONE,   NONE,      ,      ,-133.9, 3DDiff,3704,      ,66,115,86
2024/5/27, 19:43:55,  +08:00,   GHN0,31.2585087,104.3601227,3373.5,29.65,3507.6,24.2,100.63,111.67,-131.55,2.38,46.26,0,0.5,111.9,95,27.8,28.7,0,17.5,19.05,13.84,196.71,70.82,22.44,2472,0.64,329.13,324.63,335.57,328.61,        ,        ,1317.83,1308.38,1297.75,1342.43,1203.6,        ,        ,        ,        ,        ,        ,         ,       ,       ,        ,        ,        ,3375.6,109, NAV2,9,109.9,113.5,120.3,118.275,0.11,       ,9.1,142.8,18.4,-172.1,-2.5,0,  NONE,   NONE,      ,      ,-59.1, 3DDiff,3704,      ,76,319.5,92
2024/5/27, 19:43:56,  +08:00,   GHN0,31.2583923,104.3607025,3372.5,29.65,3503.1,24.2,100.36,109.19,-132.34,2.11,47.23,0,0.43,122,105.7,27.8,28.7,0,17.46,19.01,13.85,196.73,70.85,22.49,2473,0.64,329.14,324.66,335.57,328.64,        ,        ,1318.55,1307.5,1297.03,1342.26,1203.43,        ,        ,        ,        ,        ,        ,         ,       ,       ,        ,        ,        ,3371.1,109, NAV2,9,109.9,113.5,120.3,118.275,0.1,       ,9.99,144.7,18.4,-172,-2.5,0,  NONE,   NONE,      ,      ,-3.9, 3DDiff,3704,      ,76,318.5,91
2024/5/27, 19:43:57,  +08:00,   GHN0,31.258194,104.3612289,3369.5,29.65,3503.2,24.2,100.38,106.81,-150.11,1.92,46.56,-0.01,0.46,132.9,116.4,27.8,28.7,0,17.44,19,13.78,196.74,70.86,22.46,2474.1,0.64,329.17,324.72,335.6,328.67,        ,        ,1319.07,1307.83,1297.04,1342.81,1203.22,        ,        ,        ,        ,        ,        ,         ,       ,       ,        ,        ,        ,3371.2,109, NAV2,9,109.9,113.5,120.3,118.275,0.127,       ,10.86,147.2,18.4,-171.9,-2.5,0,  NONE,   NONE,      ,      ,-35.4, 3DDiff,3704,      ,76,319.5,92
2024/5/27, 19:43:58,  +08:00,   GHN0,31.2579136,104.3616867,3373.5,29.65,3498.5,24.2,100.7,104.46,-48.04,2.38,46.69,0.01,0.48,143.4,127.3,27.8,28.7,0,17.42,19,13.8,196.77,70.7,22.4,2472.7,0.64,329.23,324.77,335.62,328.71,        ,        ,1319.16,1308.02,1296.89,1342.45,1203.01,        ,        ,        ,        ,        ,        ,         ,       ,       ,        ,        ,        ,3366.5,109, NAV2,9,109.9,113.5,120.3,118.275,0.139,       ,11.71,150.1,18.4,-171.8,-2.5,0,  NONE,   NONE,      ,      ,-23.6, 3DDiff,3704,      ,66,114.5,85
2024/5/27, 19:43:59,  +08:00,   GHN0,31.257576,104.3620758,3371.5,29.65,3502,24.2,100.24,102.32,-12.89,2.07,41.43,0.02,0.36,152.9,138.6,27.8,28.7,0,17.45,18.96,13.78,196.87,70.91,22.46,2472.8,0.64,329.25,324.81,335.63,328.73,        ,        ,1318.67,1308.05,1296.62,1342.74,1202.83,        ,        ,        ,        ,        ,        ,         ,       ,       ,        ,        ,        ,3370,109, NAV2,9,109.9,113.5,120.3,118.275,0.148,       ,12.52,153.2,18.3,-171.8,-2.5,0,  NONE,   NONE,      ,      ,15.7, 3DDiff,3704,      ,76,321,92
2024/5/27, 19:44:00,  +08:00,   GHN0,31.2571869,104.362381,3373.5,29.65,3501.6,24.2,100.83,100.87,-4.55,1.51,33.23,0.02,0.21,161.2,148.2,27.8,28.7,0,17.48,18.94,13.7,196.99,70.88,22.43,2473.4,0.64,329.3,324.85,335.65,328.75,        ,        ,1318.67,1307.49,1296.38,1342.76,1202.63,        ,        ,        ,        ,        ,        ,         ,       ,       ,        ,        ,        ,3369.6,110, NAV2,9,109.9,113.5,120.3,118.275,0.153,       ,13.28,156.6,18.3,-171.7,-2.5,0,  NONE,   NONE,      ,      ,35.4, 3DDiff,3704,      ,76,322,92
2024/5/27, 19:44:01,  +08:00,   GHN0,31.2567692,104.3626175,3375.5,29.65,3500,24.2,100.18,99.95,66.26,3.02,23.57,0.03,0.22,166,155.8,27.8,28.7,0,17.74,18.9,13.73,197.09,70.82,22.44,2473.9,0.64,329.33,324.91,335.69,328.78,        ,        ,1319.53,1307.04,1296.62,1343.21,1202.43,        ,        ,        ,        ,        ,        ,         ,       ,       ,        ,        ,        ,3368,109, NAV2,9,109.9,113.5,120.3,118.275,0.148,       ,13.99,160,18.3,-171.7,-2.5,0,  NONE,   NONE,      ,      ,66.9, 3DDiff,3704,      ,66,114.5,86
2024/5/27, 19:44:02,  +08:00,   GHN0,31.2563286,104.3628082,3369.5,29.65,3508,24.2,99.48,99.6,-21.85,3.3,17.52,0,0.04,168.3,161.4,27.8,28.7,0,17.98,18.74,13.67,197.15,70.83,22.39,2475.7,0.64,329.37,324.95,335.71,328.83,        ,        ,1318.95,1306.71,1296.86,1343.87,1202.25,        ,        ,        ,        ,        ,        ,         ,       ,       ,        ,        ,        ,3376,108, NAV2,9,109.9,113.5,120.3,118.275,0.097,       ,14.63,163.4,18.3,-171.6,-2.5,0,  NONE,   NONE,      ,      ,232.3, 3DDiff,3704,      ,66,101,79
2024/5/27, 19:44:03,  +08:00,   GHN0,31.2558918,104.3629608,3366.5,29.65,3511.7,24.2,98.63,99.02,-112.88,2.72,11.21,0.01,-0.05,170.2,164.9,27.8,28.7,0,18.12,18.65,13.69,197.16,70.73,22.36,2477,0.64,329.4,325,335.74,328.85,        ,        ,1318.41,1306.89,1297.44,1344.65,1202.03,        ,        ,        ,        ,        ,        ,         ,       ,       ,        ,        ,        ,3379.7,107, NAV2,9,109.9,113.5,120.3,118.275,0.103,       ,15.2,166.6,18.2,-171.6,-2.5,0,  NONE,   NONE,      ,      ,224.4, 3DDiff,3704,      ,66,101.5,79
2024/5/27, 19:44:04,  +08:00,   GHN0,31.2554474,104.3630981,3371.5,29.65,3514.1,24.2,99.74,98.79,-23.79,3.64,9.17,0.01,0.08,171.9,167.3,27.8,28.7,0,18.09,18.66,13.7,197.2,70.64,22.36,2475.5,0.64,329.43,325.03,335.77,328.88,        ,        ,1319.06,1307.58,1297.73,1344.79,1201.86,        ,        ,        ,        ,        ,        ,         ,       ,       ,        ,        ,        ,3382.1,108, NAV2,9,109.9,113.5,120.3,118.275,0.119,       ,15.7,169.7,18.2,-171.6,-2.5,0,  NONE,   NONE,      ,      ,165.4, 3DDiff,3704,      ,66,101.5,79
2024/5/27, 19:44:05,  +08:00,   GHN0,31.2549934,104.3632202,3374.5,29.65,3531.2,24.2,99.06,98.46,61.65,4.91,2.82,0,-0.01,172.8,169.4,27.8,28.7,0,18.17,18.7,13.69,197.27,70.73,22.34,2474.3,0.63,329.46,325.11,335.78,328.92,        ,        ,1320.07,1308.61,1299.12,1344.75,1201.65,        ,        ,        ,        ,        ,        ,         ,       ,       ,        ,        ,        ,3399.2,107, NAV2,9,109.9,113.5,120.3,118.275,0.124,       ,16.11,172.4,18.2,-171.5,-2.5,0,  NONE,   NONE,      ,      ,354.3, 3DDiff,3704,      ,65,96.5,73
2024/5/27, 19:44:06,  +08:00,   GHN0,31.2545471,104.3633347,3379.5,29.65,3539.1,24.2,98.18,97.99,178.72,4.46,1.55,-0.01,-0.01,172,170.2,27.8,28.7,0,18.13,18.66,13.68,197.37,70.83,22.3,2476.4,0.63,329.51,325.16,335.83,328.94,        ,        ,1319.79,1309.3,1298.87,1344.71,1201.46,        ,        ,        ,        ,        ,        ,         ,       ,       ,        ,        ,        ,3407.1,106, NAV2,9,109.9,113.5,120.3,118.275,0.132,       ,16.44,174.9,18.2,-171.5,-2.5,0,  NONE,   NONE,      ,      ,460.6, 3DDiff,3704,      ,66,94.5,75
