#airframe_info," log_version=""1.03"""," log_content_version=""1.02"""," Product=""GIFD"""," airframe_name=""Cirrus SR20"""," unit_software_part_number=""006-B1177-C2"""," unit_software_version=""21.70"""," system_software_part_number=""006-B2647-N9"""," system_id=""25F7F04FA""", mode=NORMAL," flightstream_header=""25F7F04FA_1060""", ,,,,,,,,,,,,,,,,,,,,,,,,,,,,,,,,,,,,,,,,,,,,,,,,,,,,,,,,,,,,,,,,,,,,
#yyy-mm-dd, hh:mm:ss,   hh:mm,  ident,      degrees,      degrees,      ft,  inch,  ft msl, deg C,     kt,     kt,     fpm,    deg,    deg,      G,      G,   deg,   deg, volts, volts,  amps,   gals,   gals,      gph,   deg F,     psi,     Hg,    rpm,       %,   deg F,   deg F,   deg F,   deg F,   deg F,   deg F,   deg F,   deg F,   deg F,   deg F,   deg F,   deg F,   deg F,   deg F,  ft lbs,       %,   deg C,      gph,     Hg,    rpm,  ft lbs,       %,   deg C,  ft wgs,  kt, enum,    deg,    MHz,    MHz,     MHz,     MHz,    fsd,    fsd,     kt,    deg,     nm,    deg,    deg,   bool,  enum,   enum,   deg,   deg,   fpm,   enum,   mt,    mt,     mt,    mt,     mt
  Lcl Date, Lcl Time, UTCOfst, AtvWpt,     Latitude,    Longitude,  AltInd, BaroA,  AltMSL,   OAT,    IAS, GndSpd,    VSpd,  Pitch,   Roll,  LatAc, NormAc,   HDG,   TRK, volt1, volt2,  amp1,  FQtyL,  FQtyR, E1 FFlow, E1 OilT, E1 OilP, E1 MAP, E1 RPM, E1 %Pwr, E1 CHT1, E1 CHT2, E1 CHT3, E1 CHT4, E1 CHT5, E1 CHT6, E1 EGT1, E1 EGT2, E1 EGT3, E1 EGT4, E1 EGT5, E1 EGT6, E1 TIT1, E1 TIT2, E1 Torq,   E1 NG,  E1 ITT, E2 FFlow, E2 MAP, E2 RPM, E2 Torq,   E2 NG,  E2 ITT,  AltGPS, TAS, HSIS,    CRS,   NAV1,   NAV2,    COM1,    COM2,   HCDI,   VCDI, WndSpd,  WndDr, WptDst, WptBrg, MagVar, AfcsOn, RollM, PitchM, RollC, PichC, VSpdG, GPSfix,  HAL,   VAL, HPLwas, HPLfd, VPLwas
2024/5/23, 17:04:48,  +08:00,   GHN5,31.2753448,104.296814,7217.9,29.74,7605,15.8,109.45,123.76,-142.56,1.01,-3.97,0.02,0.08,187.4,185.1,27.8,28.8,0.3,9.63,15.1,9.65,191.88,75.86,15.57,2488.9,0.4,330.49,329.15,348.76,332.91,        ,        ,1220.61,1233.1,1260.49,1274.5,1451.93,1976.48,        ,        ,        ,        ,        ,         ,       ,       ,        ,        ,        ,7474.3,127,  GPS,127.8,109.9,113.5,120.3,118.275,7.434,       ,5.09,-105.2,19.4,178,-2.5,0,  NONE,   NONE,      ,      ,-279.5, 3DDiff,3704,      ,62,89,88
2024/5/23, 17:04:49,  +08:00,   GHN5,31.2747746,104.2967834,7210.9,29.74,7603.5,15.8,108.51,123.16,-205.46,1.81,-1.97,0,0.06,185.7,184.8,27.8,28.8,0.3,9.62,15.13,9.54,191.81,76.02,15.47,2497.7,0.4,330.26,328.97,348.53,332.7,        ,        ,1219.46,1230.54,1259.63,1273.74,1451.87,1976.52,        ,        ,        ,        ,        ,         ,       ,       ,        ,        ,        ,7472.9,125,  GPS,127.8,109.9,113.5,120.3,118.275,7.42,       ,5,-105.7,19.3,178,-2.5,0,  NONE,   NONE,      ,      ,-133.9, 3DDiff,3704,      ,62,89.5,88
2024/5/23, 17:04:50,  +08:00,   GHN5,31.2742081,104.2967606,7206.9,29.74,7605.2,15.8,107.49,122.4,-258.77,1.91,-0.91,0.01,0.02,186.1,184.5,27.8,28.8,0.3,9.65,15.11,9.7,191.77,76.1,16.31,2501.2,0.42,330.04,328.72,348.26,332.49,        ,        ,1220.3,1228.58,1259.25,1274.22,1451.77,1976.54,        ,        ,        ,        ,        ,         ,       ,       ,        ,        ,        ,7474.6,124,  GPS,127.8,109.9,113.5,120.3,118.275,7.406,       ,4.91,-106.3,19.3,177.9,-2.5,0,  NONE,   NONE,      ,      ,35.4, 3DDiff,3704,      ,62,89,88
2024/5/23, 17:04:51,  +08:00,   GHN5,31.2736435,104.2967377,7207.9,29.74,7608.2,15.8,106.74,121.72,-146.7,2.24,-3.92,0.01,0.02,186.4,184.2,27.8,28.8,0.3,9.64,15.11,11.12,191.78,75.71,19.23,2511.9,0.55,329.81,328.55,348.01,332.27,        ,        ,1221.25,1231.21,1261.36,1275.05,1451.67,1976.56,        ,        ,        ,        ,        ,         ,       ,       ,        ,        ,        ,7477.5,123,  GPS,127.8,109.9,113.5,120.3,118.275,7.392,       ,4.82,-106.9,19.3,177.9,-2.5,0,  NONE,   NONE,      ,      ,98.4, 3DDiff,3704,      ,62,89,88
2024/5/23, 17:04:52,  +08:00,   GHN5,31.2730808,104.2967224,7209.9,29.74,7610,15.8,106.36,121.35,-27.38,2.45,-14.66,0.03,-0.02,186,183.7,27.8,28.8,0.3,9.64,15.11,11.6,191.79,75.8,19.55,2485.5,0.56,329.59,328.29,347.72,332.06,        ,        ,1220.93,1232.69,1260.97,1274.18,1451.57,1976.6,        ,        ,        ,        ,        ,         ,       ,       ,        ,        ,        ,7479.3,123,  GPS,127.8,109.9,113.5,120.3,118.275,7.378,       ,4.73,-107.5,19.2,177.9,-2.5,0,  NONE,   NONE,      ,      ,98.4, 3DDiff,3704,      ,62,89.5,88
2024/5/23, 17:04:53,  +08:00,   GHN5,31.2725201,104.29673,7215.9,29.74,7610.2,15.8,106.29,120.93,140.23,2.11,-21.18,0.02,0.02,182.5,181.8,27.8,28.8,0.3,9.6,15.16,11.79,191.81,75.98,19.5,2500.6,0.56,329.35,328.08,347.46,331.83,        ,        ,1220.61,1232.73,1259.92,1272.63,1451.49,1976.65,        ,        ,        ,        ,        ,         ,       ,       ,        ,        ,        ,7479.5,123,  GPS,127.8,109.9,113.5,120.3,118.275,7.364,       ,4.64,-108,19.2,177.9,-2.5,0,  NONE,   NONE,      ,      ,7.9, 3DDiff,3704,      ,62,89.5,88
2024/5/23, 17:04:54,  +08:00,   GHN5,31.2719593,104.2967682,7211.9,29.74,7609.9,15.8,105.62,120.63,90.13,2.1,-25.85,0.02,0.05,177.4,178.7,27.8,28.8,0.3,9.49,15.2,11.98,191.84,76.14,19.51,2500.7,0.56,329.11,327.86,347.18,331.6,        ,        ,1220.34,1234.63,1260.61,1272.44,1451.39,1976.69,        ,        ,        ,        ,        ,         ,       ,       ,        ,        ,        ,7479.2,122,  GPS,127.8,109.9,113.5,120.3,118.275,7.351,       ,4.56,-108.5,19.2,177.9,-2.5,0,  NONE,   NONE,      ,      ,-31.5, 3DDiff,3704,      ,62,89.5,88
2024/5/23, 17:04:55,  +08:00,   GHN5,31.2714062,104.2968674,7209.9,29.74,7609,15.8,105.69,120.38,-19.34,3.01,-29.45,0.03,0.2,173.2,174.4,27.8,28.8,0.3,9.51,15.2,11.95,191.85,76.21,19.52,2499.8,0.56,328.86,327.64,346.91,331.39,        ,        ,1220.93,1236.11,1260.99,1272.2,1451.27,1976.71,        ,        ,        ,        ,        ,         ,       ,       ,        ,        ,        ,7478.3,122,  GPS,127.8,109.9,113.5,120.3,118.275,7.339,       ,4.44,-109.2,19.1,177.9,-2.5,0,  NONE,   NONE,      ,      ,-31.5, 3DDiff,3704,      ,62,89.5,88
2024/5/23, 17:04:56,  +08:00,   GHN5,31.2708645,104.2970123,7212.9,29.74,7609.1,15.8,105.56,120.11,2.96,3.96,-32.28,0.01,0.19,167.9,169.3,27.8,28.8,0.3,9.54,15.21,11.99,191.84,76.24,19.64,2496.8,0.57,328.64,327.45,346.64,331.15,        ,        ,1221.11,1236.81,1260.6,1271.68,1451.23,1976.74,        ,        ,        ,        ,        ,         ,       ,       ,        ,        ,        ,7478.4,122,  GPS,127.8,109.9,113.5,120.3,118.275,7.328,       ,4.29,-110,19.1,177.9,-2.5,0,  NONE,   NONE,      ,      ,35.4, 3DDiff,3704,      ,62,89.5,88
2024/5/23, 17:04:57,  +08:00,   GHN5,31.2703381,104.2972183,7211.9,29.74,7609.1,15.8,104.21,119.86,50.09,2.9,-37.32,0.02,0.07,162.1,163.6,27.8,28.8,0.3,9.53,15.24,12.03,191.75,76.28,19.72,2496.7,0.57,328.4,327.24,346.38,330.93,        ,        ,1221.36,1236.16,1260.36,1271.2,1451.15,1976.79,        ,        ,        ,        ,        ,         ,       ,       ,        ,        ,        ,7478.4,120,  GPS,127.8,109.9,113.5,120.3,118.275,7.318,       ,4.09,-111,19.1,178,-2.5,0,  NONE,   NONE,      ,      ,102.4, 3DDiff,3704,      ,62,89,88
2024/5/23, 17:04:58,  +08:00,   GHN5,31.2698364,104.297493,7211.9,29.74,7607.7,15.8,104.01,119.62,35.96,3.56,-40.37,0.01,0.25,154.6,157.6,27.8,28.8,0.3,9.53,15.26,12.09,191.69,76.3,19.82,2499.3,0.58,328.18,327.07,346.1,330.73,        ,        ,1221.29,1236.91,1260.71,1271.07,1451.08,1976.8,        ,        ,        ,        ,        ,         ,       ,       ,        ,        ,        ,7477,120,  GPS,127.8,109.9,113.5,120.3,118.275,7.31,       ,3.85,-112.1,19,178,-2.5,0,  NONE,   NONE,      ,      ,-51.2, 3DDiff,3704,      ,62,89,88
2024/5/23, 17:04:59,  +08:00,   GHN5,31.2693672,104.2978516,7214.9,29.74,7584.5,15.8,104.14,119.59,64.06,3.07,-43.2,0.03,0.29,147.2,150.4,27.8,28.8,0.3,9.52,15.28,12.15,191.65,76.29,19.89,2500.8,0.58,327.95,326.87,345.84,330.5,        ,        ,1221.87,1237.1,1261.52,1270.21,1450.97,1976.84,        ,        ,        ,        ,        ,         ,       ,       ,        ,        ,        ,7453.9,120,  GPS,127.8,109.9,113.5,120.3,118.275,7.304,       ,3.57,-113.2,19,178,-2.5,0,  NONE,   NONE,      ,      ,-106.3,     3D,3704,      ,       ,126,       
2024/5/23, 17:05:00,  +08:00,   GHN5,31.2689419,104.2982635,7212.9,29.74,7581.3,15.8,103.79,119.7,42.23,2.92,-42.91,0.01,0.33,138.1,142.5,27.8,28.8,0.3,9.52,15.3,12.15,191.58,76.4,19.87,2495.5,0.58,327.74,326.7,345.57,330.29,        ,        ,1221.62,1238.09,1261.11,1269.65,1450.9,1976.87,        ,        ,        ,        ,        ,         ,       ,       ,        ,        ,        ,7450.6,120,  GPS,127.8,109.9,113.5,120.3,118.275,7.3,       ,3.24,-114.4,19,178.1,-2.5,0,  NONE,   NONE,      ,      ,-189,     3D,3704,      ,       ,126,       
2024/5/23, 17:05:01,  +08:00,   GHN5,31.2685719,104.2987518,7207.9,29.74,7577.9,15.8,103.42,119.95,-79.2,3.02,-44.24,0.02,0.32,130.4,134,27.8,28.8,0.3,9.55,15.31,12.09,191.51,76.38,19.84,2496.3,0.58,327.53,326.52,345.32,330.09,        ,        ,1222.08,1238.1,1261.38,1269.18,1450.78,1976.91,        ,        ,        ,        ,        ,         ,       ,       ,        ,        ,        ,7447.3,119,  GPS,127.8,109.9,113.5,120.3,118.275,7.298,       ,2.85,-115.3,19,178.2,-2.5,0,  NONE,   NONE,      ,      ,-208.7,     3D,3704,      ,       ,126,       
2024/5/23, 17:05:02,  +08:00,   GHN5,31.268261,104.2992859,7207.9,29.74,7569.6,15.8,103.6,120.23,-88.14,2.59,-45.62,0.01,0.32,122.1,125.8,27.8,28.8,0.3,9.57,15.34,12.17,191.41,76.47,19.88,2495,0.58,327.31,326.37,345.06,329.89,        ,        ,1222.1,1239.11,1262.38,1270.35,1450.72,1976.93,        ,        ,        ,        ,        ,         ,       ,       ,        ,        ,        ,7439,119,  GPS,127.8,109.9,113.5,120.3,118.275,7.298,       ,2.42,-115.7,18.9,178.3,-2.5,0,  NONE,   NONE,      ,      ,-283.5,     3D,3704,      ,       ,234,       
2024/5/23, 17:05:03,  +08:00,   GHN5,31.2680225,104.299881,7201.9,29.74,7562.1,16,103.2,120.67,-141.48,1.9,-46.29,0.01,0.37,112.9,117.4,27.8,28.8,0.3,9.58,15.36,12.21,191.32,76.42,19.91,2497.4,0.58,327.12,326.17,344.8,329.69,        ,        ,1223.62,1239.68,1262.13,1270.2,1450.61,1976.98,        ,        ,        ,        ,        ,         ,       ,       ,        ,        ,        ,7431.4,119,  GPS,127.8,109.9,113.5,120.3,118.275,7.301,       ,1.96,-114.9,18.9,178.3,-2.5,0,  NONE,   NONE,      ,      ,-389.8,     3D,3704,      ,       ,234,       
2024/5/23, 17:05:04,  +08:00,   GHN5,31.2678661,104.3005066,7194.9,29.74,7554.1,16,103.44,121.2,-277.85,2.71,-45.41,0.01,0.52,103,108.4,27.8,28.8,0.3,9.6,15.38,12.22,191.25,76.38,19.92,2499.2,0.58,326.94,326.02,344.56,329.49,        ,        ,1223.71,1240.09,1262.41,1269.8,1450.51,1976.99,        ,        ,        ,        ,        ,         ,       ,       ,        ,        ,        ,7423.4,119,  GPS,127.8,109.9,113.5,120.3,118.275,7.306,       ,1.48,-111.8,18.9,178.4,-2.5,0,  NONE,   NONE,      ,      ,-464.6,     3D,3704,      ,       ,234,       
2024/5/23, 17:05:05,  +08:00,   GHN5,31.2678013,104.3011627,7187.9,29.74,7548.5,16,103.35,121.76,-345.52,3.02,-43.03,0.02,0.5,93.7,99.2,27.8,28.8,0.3,9.63,15.39,12.53,191.19,76.41,20.72,2508.8,0.61,326.73,325.85,344.31,329.29,        ,        ,1223.73,1239.79,1261.78,1270.13,1450.42,1977.08,        ,        ,        ,        ,        ,         ,       ,       ,        ,        ,        ,7417.3,119,  GPS,127.8,109.9,113.5,120.3,118.275,7.315,       ,1.03,-102.1,18.9,178.5,-2.5,0,  NONE,   NONE,      ,      ,-374,     3D,3704,      ,       ,234,       
2024/5/23, 17:05:06,  +08:00,   GHN5,31.2678242,104.3018188,7182.9,29.74,7544.7,16,103.31,122.19,-369.92,3.57,-43.01,0.01,0.4,85.2,90,27.8,28.8,0.3,9.67,15.39,12.91,191.15,76.59,21.24,2501.8,0.64,326.57,325.7,344.06,329.1,        ,        ,1224.99,1241.42,1262.75,1269.81,1450.36,1977.08,        ,        ,        ,        ,        ,         ,       ,       ,        ,        ,        ,7413.4,119,  GPS,127.8,109.9,113.5,120.3,118.275,7.325,       ,0.69,-74.7,18.9,178.6,-2.5,0,  NONE,   NONE,      ,      ,-212.6,     3D,3704,      ,       ,234,       
2024/5/23, 17:05:07,  +08:00,   GHN5,31.2679329,104.302475,7180.9,29.74,7542.5,16,103.08,122.42,-302.78,4.34,-43.97,0.02,0.44,76.3,81.3,27.8,28.8,0.3,9.72,15.39,13.07,191.12,76.82,21.45,2498.3,0.64,326.4,325.52,343.83,328.91,        ,        ,1225.22,1242.91,1262.57,1268.62,1450.23,1977.12,        ,        ,        ,        ,        ,         ,       ,       ,        ,        ,        ,7411.3,119,  GPS,127.8,109.9,113.5,120.3,118.275,7.337,       ,0.74,-32,18.9,178.7,-2.5,0,  NONE,   NONE,      ,      ,-118.1,     3D,3704,      ,       ,234,       
2024/5/23, 17:05:08,  +08:00,   GHN5,31.2681255,104.303093,7179.9,29.74,7542.2,16,102.66,122.52,-168.42,3.6,-44.22,0,0.36,67.5,72.6,27.8,28.8,0.3,9.74,15.41,13.22,191.05,76.87,21.58,2502.8,0.65,326.23,325.38,343.57,328.72,        ,        ,1226.06,1243.73,1261.59,1267.84,1450.19,1977.14,        ,        ,        ,        ,        ,         ,       ,       ,        ,        ,        ,7411,118,  GPS,127.8,109.9,113.5,120.3,118.275,7.351,       ,1.12,-9.7,18.9,178.8,-2.5,0,  NONE,   NONE,      ,      ,-59.1,     3D,3704,      ,       ,234.5,       
2024/5/23, 17:05:09,  +08:00,   GHN5,31.2683983,104.3036804,7176.9,29.74,7541.6,16,102.22,122.6,-153.4,3.58,-44.65,0,0.37,58.7,64.1,27.8,28.8,0.3,9.76,15.4,13.27,190.96,76.85,21.62,2500.6,0.65,326.06,325.22,343.36,328.55,        ,        ,1227.08,1244.44,1261.8,1266.95,1450.1,1977.22,        ,        ,        ,        ,        ,         ,       ,       ,        ,        ,        ,7410.4,118,  GPS,127.8,109.9,113.5,120.3,118.275,7.367,       ,1.58,-2.4,18.9,178.9,-2.5,0,  NONE,   NONE,      ,      ,-82.7,     3D,3704,      ,       ,234.5,       
2024/5/23, 17:05:10,  +08:00,   GHN5,31.2687397,104.3041992,7175.9,29.74,7554.2,16,102.41,122.71,-118.21,3.39,-44.66,0,0.37,49.8,55.7,27.8,28.8,0.3,9.79,15.4,13.41,190.84,76.77,21.81,2504.1,0.66,325.92,325.06,343.12,328.36,        ,        ,1228.08,1246.31,1261.93,1267.23,1450.01,1977.19,        ,        ,        ,        ,        ,         ,       ,       ,        ,        ,        ,7423,118,  GPS,127.8,109.9,113.5,120.3,118.275,7.383,       ,2.07,-1.1,18.9,179,-2.5,0,  NONE,   NONE,      ,      ,-126, 3DDiff,3704,      ,64,161.5,174
2024/5/23, 17:05:11,  +08:00,   GHN5,31.2691422,104.304657,7173.9,29.74,7551.6,16,102.27,122.75,-123.24,3.2,-45.04,0.01,0.38,40.9,47,27.8,28.8,0.3,9.83,15.4,13.59,190.76,76.74,22.01,2507.9,0.67,325.78,324.92,342.91,328.19,        ,        ,1229.3,1248.47,1262.27,1266.64,1449.92,1977.24,        ,        ,        ,        ,        ,         ,       ,       ,        ,        ,        ,7420.4,118,  GPS,127.8,109.9,113.5,120.3,118.275,7.399,       ,2.54,-2.4,19,179.1,-2.5,0,  NONE,   NONE,      ,      ,-153.5, 3DDiff,3704,      ,64,161.5,174
2024/5/23, 17:05:12,  +08:00,   GHN5,31.2696037,104.3050461,7171.9,29.74,7548.5,16,102.27,122.77,-100.83,3.3,-44.79,0.02,0.42,31.4,38.3,27.8,28.8,0.3,9.84,15.4,13.68,190.71,76.72,22.01,2499.8,0.67,325.65,324.75,342.69,328.01,        ,        ,1229.13,1249.75,1262.86,1266.29,1449.81,1977.28,        ,        ,        ,        ,        ,         ,       ,       ,        ,        ,        ,7417.3,118,  GPS,127.8,109.9,113.5,120.3,118.275,7.417,       ,2.99,-5.2,19,179.2,-2.5,0,  NONE,   NONE,      ,      ,-173.2, 3DDiff,3704,      ,64,161.5,174
2024/5/23, 17:05:13,  +08:00,   GHN5,31.2701168,104.3053513,7168.9,29.74,7547,16,101.9,122.75,-132.14,3.37,-45.18,0.02,0.43,22.2,29.4,27.8,28.8,0.3,9.86,15.4,13.65,190.73,76.79,22.01,2500.7,0.67,325.52,324.61,342.49,327.85,        ,        ,1228.92,1250.38,1263.09,1265.45,1449.72,1977.31,        ,        ,        ,        ,        ,         ,       ,       ,        ,        ,        ,7415.7,117,  GPS,127.8,109.9,113.5,120.3,118.275,7.433,       ,3.42,-9,19,179.2,-2.5,0,  NONE,   NONE,      ,      ,-173.2, 3DDiff,3704,      ,64,162,174
2024/5/23, 17:05:14,  +08:00,   GHN5,31.2706585,104.3055496,7165.9,29.74,7545.1,16,102.09,122.56,-156.33,3.72,-44.77,0.01,0.38,13.3,20.3,27.8,28.8,0.3,9.89,15.38,13.64,190.77,76.83,22,2499.6,0.67,325.4,324.46,342.29,327.67,        ,        ,1229.64,1251.68,1264.43,1265.42,1449.53,1977.2,        ,        ,        ,        ,        ,         ,       ,       ,        ,        ,        ,7413.9,117,  GPS,127.8,109.9,113.5,120.3,118.275,7.45,       ,3.83,-13.5,19.1,179.3,-2.5,0,  NONE,   NONE,      ,      ,-157.5, 3DDiff,3704,      ,64,161.5,174
2024/5/23, 17:05:15,  +08:00,   GHN5,31.2712154,104.3056488,7164.9,29.74,7541.6,16,101.86,122.33,-132.61,3.13,-44.95,-0.01,0.36,4.2,11.5,27.8,28.8,0.3,9.91,15.38,13.63,190.86,76.91,22.01,2498.6,0.67,325.28,324.31,342.11,327.51,        ,        ,1230.33,1253.65,1264.77,1265.55,1449.48,1977.25,        ,        ,        ,        ,        ,         ,       ,       ,        ,        ,        ,7410.4,117,  GPS,127.8,109.9,113.5,120.3,118.275,7.465,       ,4.22,-18.5,19.1,179.3,-2.5,0,  NONE,   NONE,      ,      ,-137.8, 3DDiff,3704,      ,64,161.5,174
2024/5/23, 17:05:16,  +08:00,   GHN5,31.2717896,104.3056488,7159.9,29.74,7540.3,16,101.59,122,-174.24,3.34,-45.33,0.01,0.4,355.3,2.8,27.8,28.8,0.3,9.94,15.37,13.6,190.96,76.76,22.02,2499.4,0.67,325.18,324.18,341.91,327.35,        ,        ,1230.75,1255.01,1265.67,1266.22,1449.36,1977.27,        ,        ,        ,        ,        ,         ,       ,       ,        ,        ,        ,7409.1,117,  GPS,127.8,109.9,113.5,120.3,118.275,7.479,       ,4.59,-23.9,19.1,179.3,-2.5,0,  NONE,   NONE,      ,      ,-208.7, 3DDiff,3704,      ,64,161.5,174
2024/5/23, 17:05:17,  +08:00,   GHN5,31.2723484,104.3055573,7158.9,29.74,7537.5,16,101.92,121.61,-169.54,3.86,-45.79,0.01,0.48,345.6,353.9,27.8,28.8,0.3,9.95,15.36,13.65,191.02,76.82,22.05,2501.1,0.67,325.06,324.02,341.74,327.2,        ,        ,1231.59,1255.35,1265.73,1266.48,1449.17,1977.21,        ,        ,        ,        ,        ,         ,       ,       ,        ,        ,        ,7406.2,117,  GPS,127.8,109.9,113.5,120.3,118.275,7.491,       ,4.94,-29.6,19.2,179.3,-2.5,0,  NONE,   NONE,      ,      ,-236.2, 3DDiff,3704,      ,76,157.5,198
2024/5/23, 17:05:18,  +08:00,   GHN5,31.2728863,104.3053436,7156.9,29.74,7536.7,16,101.87,121.06,-144.2,4.13,-45.89,0.01,0.48,335.7,344.4,27.8,28.8,0.3,9.95,15.35,13.64,191.03,76.85,22.09,2500.1,0.67,324.95,323.87,341.56,327.05,        ,        ,1232.1,1255.43,1265.91,1266.64,1449.08,1977.25,        ,        ,        ,        ,        ,         ,       ,       ,        ,        ,        ,7405.4,117,  GPS,127.8,109.9,113.5,120.3,118.275,7.501,       ,5.27,-35.6,19.2,179.2,-2.5,0,  NONE,   NONE,      ,      ,-200.8, 3DDiff,3704,      ,64,162,174
2024/5/23, 17:05:19,  +08:00,   GHN5,31.2733803,104.3050461,7152.9,29.74,7535.8,16,101.7,120.34,-164.87,4.32,-44.62,0.01,0.45,325.9,334.7,27.8,28.8,0.3,9.97,15.34,13.68,191.06,76.92,22.1,2500,0.67,324.85,323.74,341.38,326.91,        ,        ,1232.14,1255.63,1266.68,1266.1,1449.01,1977.26,        ,        ,        ,        ,        ,         ,       ,       ,        ,        ,        ,7404.6,117,  GPS,127.8,109.9,113.5,120.3,118.275,7.509,       ,5.58,-41.8,19.2,179.2,-2.5,0,  NONE,   NONE,      ,      ,-122, 3DDiff,3704,      ,64,162,174
2024/5/23, 17:05:20,  +08:00,   GHN5,31.2738323,104.3046646,7150.9,29.74,7562.5,16,101.16,119.59,-172.83,4.54,-44.91,0,0.44,316.6,325.6,27.8,28.8,0.3,9.99,15.33,13.69,191.07,76.9,22.28,2500.1,0.68,324.77,323.6,341.22,326.76,        ,        ,1231.8,1254.86,1266.58,1265.78,1448.93,1977.29,        ,        ,        ,        ,        ,         ,       ,       ,        ,        ,        ,7431.3,116,  GPS,127.8,109.9,113.5,120.3,118.275,7.514,       ,5.89,-48.2,19.2,179.1,-2.5,0,  NONE,   NONE,      ,      ,-47.2, 3DDiff,3704,      ,63,101.5,107
2024/5/23, 17:05:21,  +08:00,   GHN5,31.2742043,104.3041992,7149.9,29.74,7531.1,16,101.06,118.71,-130.67,4.8,-45.31,0,0.42,307.4,316.2,27.8,28.8,0.3,10,15.31,13.85,191.07,77.02,22.4,2501.6,0.68,324.66,323.46,341.07,326.63,        ,        ,1231.22,1255.02,1266.6,1265.58,1448.82,1977.33,        ,        ,        ,        ,        ,         ,       ,       ,        ,        ,        ,7399.9,116,  GPS,127.8,109.9,113.5,120.3,118.275,7.516,       ,6.19,-54.8,19.3,179.1,-2.5,0,  NONE,   NONE,      ,      ,-23.6, 3DDiff,3704,      ,64,161.5,174
2024/5/23, 17:05:22,  +08:00,   GHN5,31.2745152,104.3036728,7149.9,29.74,7531.6,16,100.75,117.76,-59.33,4.93,-45.29,0,0.4,297.8,306.9,27.8,28.8,0.3,10,15.3,14.04,191.09,77.04,22.55,2501,0.69,324.58,323.32,340.9,326.5,        ,        ,1230.99,1254.67,1267.33,1265.32,1448.73,1977.36,        ,        ,        ,        ,        ,         ,       ,       ,        ,        ,        ,7400.4,116,  GPS,127.8,109.9,113.5,120.3,118.275,7.516,       ,6.48,-61.5,19.3,179,-2.5,0,  NONE,   NONE,      ,      ,0, 3DDiff,3704,      ,64,162,174
2024/5/23, 17:05:23,  +08:00,   GHN5,31.274744,104.3031006,7148.9,29.74,7532,16,100.18,116.88,-42.64,4.17,-45.57,0,0.34,289.1,297.5,27.8,28.8,0.3,10.01,15.28,13.99,191.11,77.01,22.51,2498.4,0.69,324.49,323.2,340.77,326.37,        ,        ,1230.35,1254.03,1265.65,1264.66,1448.65,1977.4,        ,        ,        ,        ,        ,         ,       ,       ,        ,        ,        ,7400.7,115,  GPS,127.8,109.9,113.5,120.3,118.275,7.513,       ,6.76,-68.2,19.3,178.9,-2.5,0,  NONE,   NONE,      ,      ,0, 3DDiff,3704,      ,64,162,174
2024/5/23, 17:05:24,  +08:00,   GHN5,31.2748928,104.3025055,7147.9,29.74,7529.8,16,100.17,116.11,-47.75,4.15,-45.68,0.01,0.37,279.9,288.5,27.8,28.8,0.3,10.02,15.27,13.99,191.15,76.94,22.49,2499.6,0.69,324.4,323.09,340.61,326.24,        ,        ,1230.2,1253.86,1265.11,1264.62,1448.57,1977.45,        ,        ,        ,        ,        ,         ,       ,       ,        ,        ,        ,7398.5,115,  GPS,127.8,109.9,113.5,120.3,118.275,7.508,       ,7.04,-74.8,19.3,178.8,-2.5,0,  NONE,   NONE,      ,      ,-94.5, 3DDiff,3704,      ,64,162,174
2024/5/23, 17:05:25,  +08:00,   GHN5,31.2749691,104.3018875,7146.9,29.74,7554.6,16,100.35,115.39,-52.79,3.97,-46.02,0.01,0.39,270.6,279.3,27.8,28.8,0.3,10.03,15.25,14.03,191.19,77.03,22.49,2501.8,0.69,324.33,322.94,340.47,326.14,        ,        ,1229.67,1253.77,1264.29,1263.89,1448.49,1977.47,        ,        ,        ,        ,        ,         ,       ,       ,        ,        ,        ,7423.4,115,  GPS,127.8,109.9,113.5,120.3,118.275,7.501,       ,7.31,-81.5,19.3,178.7,-2.5,0,  NONE,   NONE,      ,      ,-169.3, 3DDiff,3704,      ,63,101.5,106
2024/5/23, 17:05:26,  +08:00,   GHN5,31.2749481,104.3012619,7143.9,29.74,7551,16,100.39,114.75,-83.37,3.49,-45.99,0,0.39,261.2,270,27.8,28.8,0.3,10.03,15.24,13.97,191.25,76.96,22.5,2500.5,0.69,324.24,322.82,340.34,326.02,        ,        ,1230,1253.8,1264.36,1263.06,1448.41,1977.5,        ,        ,        ,        ,        ,         ,       ,       ,        ,        ,        ,7419.8,115,  GPS,127.8,109.9,113.5,120.3,118.275,7.491,       ,7.56,-88,19.3,178.6,-2.5,0,  NONE,   NONE,      ,      ,-224.4, 3DDiff,3704,      ,63,101.5,106
2024/5/23, 17:05:27,  +08:00,   GHN5,31.2748356,104.3006592,7139.9,29.74,7548.4,16,100.66,114.22,-159.44,3.79,-46.67,0,0.44,251.4,260.3,27.8,28.8,0.3,10.03,15.23,13.98,191.31,76.86,22.49,2501,0.69,324.17,322.71,340.21,325.91,        ,        ,1230.1,1253.3,1264.07,1263.19,1448.34,1977.52,        ,        ,        ,        ,        ,         ,       ,       ,        ,        ,        ,7417.2,115,  GPS,127.8,109.9,113.5,120.3,118.275,7.479,       ,7.81,-94.5,19.3,178.5,-2.5,0,  NONE,   NONE,      ,      ,-271.7, 3DDiff,3704,      ,63,101.5,106
2024/5/23, 17:05:28,  +08:00,   GHN5,31.2746372,104.300087,7136.9,29.74,7544.1,16,100.87,113.7,-185.72,3.66,-46.65,0,0.42,241.9,250.5,27.8,28.8,0.3,10.03,15.22,14.02,191.4,76.92,22.5,2499.8,0.69,324.1,322.6,340.07,325.8,        ,        ,1230.57,1254.06,1264.83,1263.35,1448.24,1977.55,        ,        ,        ,        ,        ,         ,       ,       ,        ,        ,        ,7412.9,116,  GPS,127.8,109.9,113.5,120.3,118.275,7.466,       ,8.04,-100.9,19.3,178.5,-2.5,0,  NONE,   NONE,      ,      ,-279.5, 3DDiff,3704,      ,63,101.5,106
2024/5/23, 17:05:29,  +08:00,   GHN5,31.2743568,104.2995682,7132.9,29.74,7539.5,16,100.78,113.35,-225.5,3.83,-46.61,0,0.44,232.2,240.4,27.8,28.8,0.3,10.04,15.21,14,191.44,77,22.54,2501.9,0.69,324.03,322.49,339.96,325.72,        ,        ,1230.35,1253.61,1265.42,1263.78,1448.15,1977.55,        ,        ,        ,        ,        ,         ,       ,       ,        ,        ,        ,7408.3,116,  GPS,127.8,109.9,113.5,120.3,118.275,7.451,       ,8.27,-107.3,19.3,178.4,-2.5,0,  NONE,   NONE,      ,      ,-275.6, 3DDiff,3704,      ,63,101.5,106
2024/5/23, 17:05:30,  +08:00,   GHN5,31.2739964,104.2991104,7128.9,29.74,7542.9,16,101.12,113.07,-226.1,3.55,-46.27,0.01,0.44,222.3,230.5,27.8,28.8,0.3,10.04,15.21,13.99,191.47,77.12,22.54,2502.7,0.69,323.95,322.37,339.86,325.61,        ,        ,1230.42,1253.35,1265.4,1264.02,1448.07,1977.57,        ,        ,        ,        ,        ,         ,       ,       ,        ,        ,        ,7411.6,116,  GPS,127.8,109.9,113.5,120.3,118.275,7.436,       ,8.47,-113.6,19.3,178.3,-2.5,0,  NONE,   NONE,      ,      ,-263.8, 3DDiff,3704,      ,64,124.5,116
2024/5/23, 17:05:31,  +08:00,   GHN5,31.2735825,104.2987442,7123.9,29.74,7538,16,100.89,112.86,-258.75,3.41,-45.94,0.01,0.43,212.7,220.5,27.8,28.8,0.3,10.05,15.2,13.96,191.42,77.01,22.53,2500.6,0.69,323.89,322.27,339.74,325.51,        ,        ,1231.17,1253.86,1264.42,1264.24,1447.96,1977.6,        ,        ,        ,        ,        ,         ,       ,       ,        ,        ,        ,7406.8,116,  GPS,127.8,109.9,113.5,120.3,118.275,7.42,       ,8.66,-119.8,19.3,178.2,-2.5,0,  NONE,   NONE,      ,      ,-248, 3DDiff,3704,      ,64,124.5,116
2024/5/23, 17:05:32,  +08:00,   GHN5,31.2731171,104.2984619,7118.9,29.74,7535,16,100.96,112.9,-273.74,2.64,-40.9,0,0.36,204,210.6,27.8,28.8,0.3,10.05,15.2,14.07,191.4,77.07,22.52,2502.2,0.69,323.81,322.17,339.64,325.44,        ,        ,1231.13,1254.1,1264.33,1264.04,1447.89,1977.65,        ,        ,        ,        ,        ,         ,       ,       ,        ,        ,        ,7403.8,116,  GPS,127.8,109.9,113.5,120.3,118.275,7.404,       ,8.82,-125.9,19.2,178.2,-2.5,0,  NONE,   NONE,      ,      ,-216.5, 3DDiff,3704,      ,64,124,116
2024/5/23, 17:05:33,  +08:00,   GHN5,31.2726231,104.2982559,7109.9,29.74,7530.5,16,100.58,113.13,-348.1,3.08,-32.34,-0.03,0.37,195.5,201.9,27.8,28.8,0.3,10.07,15.16,14.07,191.39,77.14,22.52,2502.6,0.69,323.74,322.05,339.54,325.34,        ,        ,1230.64,1254.45,1263.26,1263.83,1447.82,1977.7,        ,        ,        ,        ,        ,         ,       ,       ,        ,        ,        ,7399.3,115,  GPS,127.8,109.9,113.5,120.3,118.275,7.389,       ,8.96,-131.9,19.2,178.2,-2.5,0,  NONE,   NONE,      ,      ,-137.8, 3DDiff,3704,      ,64,124,116
2024/5/23, 17:05:34,  +08:00,   GHN5,31.27211,104.2981262,7104.9,29.74,7532.6,16,99.97,113.19,-373.18,4.77,-22.15,-0.04,0.3,189.9,194.9,27.8,28.8,0.3,10.13,15.09,14.15,191.4,77.17,22.53,2501.7,0.69,323.69,321.96,339.45,325.28,        ,        ,1231.18,1255.5,1263.53,1263.52,1447.74,1977.72,        ,        ,        ,        ,        ,         ,       ,       ,        ,        ,        ,7401.4,115,  GPS,127.8,109.9,113.5,120.3,118.275,7.375,       ,9.06,-137.8,19.2,178.1,-2.5,0,  NONE,   NONE,      ,      ,102.4, 3DDiff,3704,      ,64,124.5,116
2024/5/23, 17:05:35,  +08:00,   GHN5,31.2715912,104.2980499,7106.9,29.74,7540.5,16,99.18,112.8,-237.05,5.09,-8.78,-0.04,0.05,187,190,27.8,28.8,0.3,10.21,15,14.06,191.39,77.24,22.54,2497.7,0.69,323.62,321.89,339.35,325.2,        ,        ,1230.84,1255.72,1263.19,1264.09,1447.64,1977.77,        ,        ,        ,        ,        ,         ,       ,       ,        ,        ,        ,7409.3,114,  GPS,127.8,109.9,113.5,120.3,118.275,7.361,       ,9.12,-143.4,19.1,178.1,-2.5,0,  NONE,   NONE,      ,      ,421.3, 3DDiff,3704,      ,64,124.5,116
2024/5/23, 17:05:36,  +08:00,   GHN5,31.2710724,104.2979965,7118.9,29.74,7549.4,16.2,98.96,112.16,88.33,3.96,-1.6,-0.02,-0.13,187.1,187.8,27.8,28.8,0.3,10.3,14.8,14.1,191.43,77.19,22.52,2501,0.69,323.56,321.79,339.27,325.13,        ,        ,1229.78,1256.27,1263.37,1264.67,1447.58,1977.8,        ,        ,        ,        ,        ,         ,       ,       ,        ,        ,        ,7418.2,113,  GPS,127.8,109.9,113.5,120.3,118.275,7.348,       ,9.15,-148.7,19.1,178.1,-2.5,0,  NONE,   NONE,      ,      ,539.4, 3DDiff,3704,      ,64,124.5,116
2024/5/23, 17:05:37,  +08:00,   GHN5,31.2705555,104.2979431,7126.9,29.74,7554.3,16.2,98.78,111.87,349.67,1.76,-1.15,-0.02,-0.16,188.7,187.3,27.8,28.8,0.3,10.39,14.66,14.05,191.48,76.9,22.5,2500.4,0.69,323.5,321.7,339.19,325.07,        ,        ,1228.99,1256.88,1263.11,1265.46,1447.48,1977.84,        ,        ,        ,        ,        ,         ,       ,       ,        ,        ,        ,7423.1,113,  GPS,127.8,109.9,113.5,120.3,118.275,7.334,       ,9.16,-153.6,19.1,178.1,-2.5,0,  NONE,   NONE,      ,      ,311, 3DDiff,3704,      ,64,124.5,116
2024/5/23, 17:05:38,  +08:00,   GHN5,31.2700405,104.2978973,7130.9,29.74,7554.5,16.2,98.63,111.83,356.06,4.03,-6.62,0.04,0.02,188.6,186.7,27.8,28.8,0.3,10.38,14.64,14.06,191.55,76.84,22.49,2496.6,0.69,323.44,321.63,339.1,325,        ,        ,1229.65,1257.14,1263.29,1266.41,1447.38,1977.87,        ,        ,        ,        ,        ,         ,       ,       ,        ,        ,        ,7423.3,113,  GPS,127.8,109.9,113.5,120.3,118.275,7.321,       ,9.15,-158,19,178.1,-2.5,0,  NONE,   NONE,      ,      ,35.4, 3DDiff,3704,      ,64,124.5,116
2024/5/23, 17:05:39,  +08:00,   GHN5,31.2695217,104.2978592,7133.9,29.74,7561.1,16.2,98.59,111.73,325.85,4,-7.82,-0.01,0.01,185.4,185.8,27.8,28.8,0.3,10.35,14.65,14.01,191.62,76.91,22.49,2496.9,0.69,323.37,321.54,339.03,324.95,        ,        ,1229.93,1257.13,1263.22,1266.63,1447.29,1977.91,        ,        ,        ,        ,        ,         ,       ,       ,        ,        ,        ,7429.9,113,  GPS,127.8,109.9,113.5,120.3,118.275,7.308,       ,9.12,-161.7,19,178,-2.5,0,  NONE,   NONE,      ,      ,208.7, 3DDiff,3704,      ,64,124.5,116
2024/5/23, 17:05:40,  +08:00,   GHN5,31.2690067,104.2978439,7133.9,29.74,7565.7,16.2,97.76,111.52,203.28,3.04,-7.57,-0.01,-0.05,183.3,184.2,27.8,28.8,0.3,10.32,14.56,13.95,191.74,76.9,22.46,2499.6,0.69,323.33,321.48,338.96,324.9,        ,        ,1230.17,1257.49,1263.11,1267.71,1447.21,1977.92,        ,        ,        ,        ,        ,         ,       ,       ,        ,        ,        ,7434.5,112,  GPS,127.8,109.9,113.5,120.3,118.275,7.295,       ,9.06,-165,19,178,-2.5,0,  NONE,   NONE,      ,      ,263.8, 3DDiff,3704,      ,64,124.5,116
2024/5/23, 17:05:41,  +08:00,   GHN5,31.268486,104.2978363,7136.9,29.74,7568.3,16.2,97.75,111.5,162.15,1.96,-2.26,-0.01,-0.15,182.8,183.1,27.8,28.8,0.3,10.37,14.43,13.91,191.86,76.89,22.38,2496.1,0.68,323.27,321.41,338.89,324.85,        ,        ,1230.34,1257.78,1263.56,1268.31,1447.12,1977.97,        ,        ,        ,        ,        ,         ,       ,       ,        ,        ,        ,7437,112,  GPS,127.8,109.9,113.5,120.3,118.275,7.282,       ,8.97,-168,19,178,-2.5,0,  NONE,   NONE,      ,      ,153.5, 3DDiff,3704,      ,64,124.5,116
2024/5/23, 17:05:42,  +08:00,   GHN5,31.267971,104.2978363,7137.9,29.74,7568.5,16.2,97.62,111.58,146.64,3.02,2.68,-0.03,0.06,182.4,182.6,27.8,28.8,0.3,10.42,14.38,13.88,191.94,76.81,22.34,2500.3,0.68,323.21,321.35,338.83,324.79,        ,        ,1231.28,1258.83,1264.13,1269.15,1447.02,1977.99,        ,        ,        ,        ,        ,         ,       ,       ,        ,        ,        ,7437.3,112,  GPS,127.8,109.9,113.5,120.3,118.275,7.269,       ,8.83,-170.7,18.9,178,-2.5,0,  NONE,   NONE,      ,      ,3.9, 3DDiff,3704,      ,64,124.5,116
2024/5/23, 17:05:43,  +08:00,   GHN5,31.2674522,104.2978363,7135.9,29.74,7570.3,16.2,97.64,111.63,34.22,4.76,2.47,0.01,0.18,183.9,182.5,27.8,28.8,0.3,10.44,14.27,13.93,192.02,76.89,22.44,2501.6,0.68,323.16,321.31,338.77,324.75,        ,        ,1231.14,1259.57,1265.15,1269.85,1446.91,1978.03,        ,        ,        ,        ,        ,         ,       ,       ,        ,        ,        ,7439.1,112,  GPS,127.8,109.9,113.5,120.3,118.275,7.257,       ,8.65,-173.3,18.9,178,-2.5,0,  NONE,   NONE,      ,      ,114.2, 3DDiff,3704,      ,64,125,116
2024/5/23, 17:05:44,  +08:00,   GHN5,31.2669373,104.2978287,7140.9,29.74,7577.5,16.2,97.61,111.21,85.23,5.41,11.71,-0.04,0.01,183.4,183.3,27.8,28.8,0.3,10.47,14.2,14.14,192.1,76.98,22.62,2501.2,0.69,323.13,321.24,338.71,324.72,        ,        ,1230.91,1259.46,1264.98,1269.13,1446.85,1978.07,        ,        ,        ,        ,        ,         ,       ,       ,        ,        ,        ,7446.3,112,  GPS,127.8,109.9,113.5,120.3,118.275,7.244,       ,8.44,-175.6,18.9,178,-2.5,0,  NONE,   NONE,      ,      ,389.8, 3DDiff,3704,      ,64,124.5,116
2024/5/23, 17:05:45,  +08:00,   GHN5,31.2664242,104.2978058,7151.9,29.74,7582.8,16.2,96.67,110.6,245.06,5.05,20.62,-0.06,-0.07,184.8,184.9,27.8,28.8,0.3,10.49,14.06,14.23,192.16,77.02,22.65,2498.4,0.69,323.07,321.2,338.67,324.68,        ,        ,1231.45,1257.42,1263.94,1268.19,1446.77,1978.09,        ,        ,        ,        ,        ,         ,       ,       ,        ,        ,        ,7451.5,111,  GPS,127.8,109.9,113.5,120.3,118.275,7.231,       ,8.2,-177.7,18.8,178,-2.5,0,  NONE,   NONE,      ,      ,468.5, 3DDiff,3704,      ,64,124.5,116
2024/5/23, 17:05:46,  +08:00,   GHN5,31.2659283,104.2977524,7159.9,29.74,7578.1,16.2,97.83,110.25,429.51,1.65,21.8,-0.01,-0.1,189.8,187.5,27.8,28.8,0.3,10.67,13.97,14.31,192.16,77.19,22.66,2499.5,0.69,323.01,321.14,338.61,324.65,        ,        ,1230.58,1256.03,1262.66,1267.15,1446.7,1978.12,        ,        ,        ,        ,        ,         ,       ,       ,        ,        ,        ,7446.9,112,  GPS,127.8,109.9,113.5,120.3,118.275,7.218,       ,7.93,-179.6,18.8,178,-2.5,0,  NONE,   NONE,      ,      ,291.3, 3DDiff,3704,      ,62,101.5,106
2024/5/23, 17:05:47,  +08:00,   GHN5,31.2654209,104.2976761,7157.9,29.74,7576.6,16.2,96.96,110.29,306.58,2.98,26.05,-0.02,0.17,194.4,190.6,27.8,28.8,0.3,10.65,13.89,14.3,192.08,77,22.66,2499.7,0.7,322.97,321.1,338.56,324.62,        ,        ,1228.74,1255.07,1261.3,1266.63,1446.58,1978.16,        ,        ,        ,        ,        ,         ,       ,       ,        ,        ,        ,7445.4,111,  GPS,127.8,109.9,113.5,120.3,118.275,7.205,       ,7.64,178.6,18.8,178,-2.5,0,  NONE,   NONE,      ,      ,-35.4, 3DDiff,3704,      ,63,101.5,106
2024/5/23, 17:05:48,  +08:00,   GHN5,31.2649384,104.2975693,7154.9,29.74,7551.5,16.2,96.68,110.41,115.37,3.98,31.49,-0.05,0.12,197.6,195.4,27.8,28.8,0.3,10.68,13.84,14.28,191.87,76.92,22.65,2498.5,0.69,322.92,321.05,338.52,324.58,        ,        ,1228.76,1254.81,1259.8,1266.54,1446.5,1978.19,        ,        ,        ,        ,        ,         ,       ,       ,        ,        ,        ,7420.3,111,  GPS,127.8,109.9,113.5,120.3,118.275,7.191,       ,7.32,177.3,18.7,177.9,-2.5,0,  NONE,   NONE,      ,      ,-7.9,     3D,3704,      ,       ,120.5,       
2024/5/23, 17:05:49,  +08:00,   GHN5,31.2644539,104.2973862,7156.9,29.74,7551.6,16.2,97.19,110.49,13.32,2.5,34.19,-0.02,0.1,203.8,200.8,27.8,28.8,0.3,10.75,13.7,14.41,191.65,76.95,22.64,2500.6,0.69,322.88,321.01,338.48,324.58,        ,        ,1227.54,1254.11,1258.33,1266.4,1446.4,1978.22,        ,        ,        ,        ,        ,         ,       ,       ,        ,        ,        ,7420.3,111,  GPS,127.8,109.9,113.5,120.3,118.275,7.177,       ,6.98,176.3,18.7,177.9,-2.5,0,  NONE,   NONE,      ,      ,3.9,     3D,3704,      ,       ,120.5,       
2024/5/23, 17:05:50,  +08:00,   GHN5,31.2639866,104.297142,7155.9,29.74,7548.8,16.2,97.62,110.6,-1.46,1.8,37.83,-0.01,0.27,212.5,206.7,27.8,28.8,0.3,10.84,13.63,14.35,191.52,77,22.65,2501.1,0.7,322.82,320.96,338.44,324.55,        ,        ,1227.34,1252.78,1257.07,1265.98,1446.34,1978.27,        ,        ,        ,        ,        ,         ,       ,       ,        ,        ,        ,7417.6,112,  GPS,127.8,109.9,113.5,120.3,118.275,7.162,       ,6.62,175.7,18.7,177.9,-2.5,0,  NONE,   NONE,      ,      ,-102.4,     3D,3704,      ,       ,120.5,       
2024/5/23, 17:05:51,  +08:00,   GHN5,31.263546,104.2968292,7159.9,29.74,7547.4,16.2,98.23,110.84,23.16,1.96,40.81,-0.02,0.33,220.8,214.3,27.8,28.8,0.3,10.85,13.6,14.25,191.48,76.97,22.67,2498.8,0.7,322.78,320.92,338.41,324.54,        ,        ,1226.97,1251.85,1257.21,1265.52,1446.24,1978.32,        ,        ,        ,        ,        ,         ,       ,       ,        ,        ,        ,7416.2,113,  GPS,127.8,109.9,113.5,120.3,118.275,7.146,       ,6.22,175.8,18.7,177.8,-2.5,0,  NONE,   NONE,      ,      ,-102.4,     3D,3704,      ,       ,120.5,       
2024/5/23, 17:05:52,  +08:00,   GHN5,31.2631454,104.2964401,7156.9,29.74,7545,16.2,98.07,111.15,7.95,2.11,42.1,-0.02,0.34,228.7,222.5,27.8,28.8,0.3,10.84,13.59,14.3,191.44,77.03,22.67,2498.7,0.69,322.75,320.89,338.38,324.53,        ,        ,1227.46,1250.77,1257.75,1265.35,1446.17,1978.33,        ,        ,        ,        ,        ,         ,       ,       ,        ,        ,        ,7413.8,112,  GPS,127.8,109.9,113.5,120.3,118.275,7.131,       ,5.78,176.6,18.6,177.7,-2.5,0,  NONE,   NONE,      ,      ,-86.6,     3D,3704,      ,       ,120.5,       
2024/5/23, 17:05:53,  +08:00,   GHN5,31.262804,104.2959824,7154.9,29.74,7544.1,16.2,98.17,111.48,-61.37,2.31,44.15,-0.01,0.36,237.8,231.2,27.8,28.8,0.3,10.85,13.59,14.28,191.33,76.98,22.66,2499.5,0.7,322.69,320.87,338.35,324.53,        ,        ,1227.11,1250.03,1256.9,1265.46,1446.07,1978.38,        ,        ,        ,        ,        ,         ,       ,       ,        ,        ,        ,7412.9,112,  GPS,127.8,109.9,113.5,120.3,118.275,7.116,       ,5.3,178.3,18.6,177.7,-2.5,0,  NONE,   NONE,      ,      ,-82.7,     3D,3704,      ,       ,120.5,       
2024/5/23, 17:05:54,  +08:00,   GHN5,31.2625275,104.2954712,7154.9,29.74,7542.5,16.2,98.54,111.87,-70.69,1.85,44.12,0,0.34,247.3,240.3,27.8,28.8,0.3,10.85,13.59,14.19,191.18,76.91,22.68,2499.9,0.7,322.66,320.83,338.31,324.53,        ,        ,1226.76,1250.08,1256.09,1264.95,1445.96,1978.46,        ,        ,        ,        ,        ,         ,       ,       ,        ,        ,        ,7411.3,113,  GPS,127.8,109.9,113.5,120.3,118.275,7.101,       ,4.77,-179,18.6,177.6,-2.5,0,  NONE,   NONE,      ,      ,-82.7,     3D,3704,      ,       ,120.5,       
2024/5/23, 17:05:55,  +08:00,   GHN5,31.2623253,104.2949142,7155.9,29.74,7539.8,16.2,98.93,112.2,-41.94,2.27,45.47,-0.01,0.44,257.3,249.7,27.8,28.8,0.3,10.85,13.62,14.18,191.01,77.07,22.68,2498.3,0.7,322.62,320.8,338.3,324.54,        ,        ,1226.34,1251,1256.04,1264.42,1445.89,1978.5,        ,        ,        ,        ,        ,         ,       ,       ,        ,        ,        ,7408.6,113,  GPS,127.8,109.9,113.5,120.3,118.275,7.088,       ,4.2,-175,18.6,177.5,-2.5,0,  NONE,   NONE,      ,      ,-122,     3D,3704,      ,       ,120.5,       
2024/5/23, 17:05:56,  +08:00,   GHN5,31.262207,104.2943192,7153.9,29.74,7539.6,16.2,98.49,112.53,-41.95,2.77,45.32,-0.01,0.49,267.3,259.5,27.8,28.8,0.3,10.85,13.66,14.24,190.88,77,22.67,2496.2,0.69,322.57,320.78,338.28,324.55,        ,        ,1227.3,1251.41,1255.65,1264.17,1445.82,1978.54,        ,        ,        ,        ,        ,         ,       ,       ,        ,        ,        ,7408.3,113,  GPS,127.8,109.9,113.5,120.3,118.275,7.076,       ,3.59,-169.3,18.6,177.4,-2.5,0,  NONE,   NONE,      ,      ,-82.7,     3D,3704,      ,       ,120.5,       
2024/5/23, 17:05:57,  +08:00,   GHN5,31.2621784,104.2937088,7152.9,29.74,7539.1,16.2,98.16,112.88,-59.22,2.71,45.99,-0.02,0.42,277.3,269.7,27.8,28.8,0.3,10.85,13.7,14.19,190.77,77.07,22.7,2493.9,0.7,322.55,320.77,338.27,324.58,        ,        ,1226.91,1251.01,1255.55,1263.63,1445.74,1978.54,        ,        ,        ,        ,        ,         ,       ,       ,        ,        ,        ,7407.8,112,  GPS,127.8,109.9,113.5,120.3,118.275,7.067,       ,2.98,-161.2,18.6,177.3,-2.5,0,  NONE,   NONE,      ,      ,7.9,     3D,3704,      ,       ,120.5,       
2024/5/23, 17:05:58,  +08:00,   GHN5,31.2622471,104.2931061,7154.9,29.74,7540,16.2,97.82,113.17,-10.76,3.31,45.98,0,0.48,287.9,279.7,27.8,28.8,0.3,10.84,13.75,14.16,190.64,76.98,22.71,2493.9,0.7,322.5,320.74,338.24,324.62,        ,        ,1226.25,1250.41,1256.7,1263.91,1445.62,1978.61,        ,        ,        ,        ,        ,         ,       ,       ,        ,        ,        ,7408.8,112,  GPS,127.8,109.9,113.5,120.3,118.275,7.059,       ,2.38,-149.2,18.6,177.2,-2.5,0,  NONE,   NONE,      ,      ,59.1,     3D,3704,      ,       ,120.5,       
2024/5/23, 17:05:59,  +08:00,   GHN5,31.262373,104.2924881,7157.9,29.74,7519.7,16.2,97.87,113.4,71.22,3.78,46.42,-0.01,0.45,297.5,290,27.8,28.8,0.3,10.83,13.81,14.25,190.49,76.91,22.77,2495.7,0.7,322.47,320.72,338.24,324.64,        ,        ,1225.66,1250.18,1256.5,1264.04,1445.55,1978.62,        ,        ,        ,        ,        ,         ,       ,       ,        ,        ,        ,7388.5,112,  GPS,127.8,109.9,113.5,120.3,118.275,7.053,       ,1.88,-130.8,18.6,177.1,-2.5,0,  NONE,   NONE,      ,      ,122,     3D,3704,      ,       ,235,       
2024/5/23, 17:06:00,  +08:00,   GHN5,31.2626171,104.2919388,7157.9,29.74,7522.3,16.2,97.43,113.58,79.21,3.47,45.56,-0.01,0.35,306.6,299.9,27.8,28.8,0.3,10.82,13.84,14.34,190.41,76.98,22.76,2492.6,0.7,322.43,320.7,338.24,324.67,        ,        ,1225.83,1250.93,1255.84,1264.2,1445.44,1978.6,        ,        ,        ,        ,        ,         ,       ,       ,        ,        ,        ,7391.1,112,  GPS,127.8,109.9,113.5,120.3,118.275,7.051,       ,1.59,-104,18.6,177,-2.5,0,  NONE,   NONE,      ,      ,145.7,     3D,3704,      ,       ,235,       
2024/5/23, 17:06:01,  +08:00,   GHN5,31.2629337,104.2914505,7157.9,29.74,7524.1,16.2,96.92,113.77,45.08,3.69,45.13,-0.02,0.42,316.9,309.4,27.8,28.8,0.3,10.81,13.86,14.26,190.37,76.89,22.74,2492,0.7,322.41,320.7,338.23,324.72,        ,        ,1225.29,1251.25,1255.94,1263.72,1445.35,1978.65,        ,        ,        ,        ,        ,         ,       ,       ,        ,        ,        ,7392.9,111,  GPS,127.8,109.9,113.5,120.3,118.275,7.052,       ,1.65,-73.8,18.6,176.9,-2.5,0,  NONE,   NONE,      ,      ,98.4,     3D,3704,      ,       ,235,       
2024/5/23, 17:06:02,  +08:00,   GHN5,31.2633171,104.2910233,7161.9,29.74,7524.7,16.2,96.85,113.93,104.09,3.89,44.88,-0.02,0.42,326.7,319,27.8,28.8,0.3,10.79,13.9,14.34,190.37,76.83,22.76,2491.4,0.7,322.38,320.68,338.23,324.76,        ,        ,1224.9,1251.27,1255.81,1262.88,1445.27,1978.68,        ,        ,        ,        ,        ,         ,       ,       ,        ,        ,        ,7393.5,111,  GPS,127.8,109.9,113.5,120.3,118.275,7.055,       ,1.99,-49.9,18.7,176.9,-2.5,0,  NONE,   NONE,      ,      ,114.2,     3D,3704,      ,       ,235,       
2024/5/23, 17:06:03,  +08:00,   GHN5,31.2637539,104.2906799,7164.9,29.74,7525.5,16.2,96.05,114.01,153.54,4.13,44.55,-0.01,0.37,335.8,328.5,27.8,28.8,0.3,10.78,13.95,14.35,190.36,76.79,22.75,2490.1,0.7,322.35,320.67,338.22,324.79,        ,        ,1225.15,1251.06,1255.86,1262.16,1445.2,1978.74,        ,        ,        ,        ,        ,         ,       ,       ,        ,        ,        ,7394.3,110,  GPS,127.8,109.9,113.5,120.3,118.275,7.06,       ,2.46,-33.4,18.7,176.8,-2.5,0,  NONE,   NONE,      ,      ,133.9,     3D,3704,      ,       ,235,       
2024/5/23, 17:06:04,  +08:00,   GHN5,31.2642307,104.2904129,7162.9,29.74,7527.3,16.2,95.71,114.06,100.16,3.78,44.02,0,0.33,344.9,337.5,27.8,28.8,0.3,10.76,13.98,14.34,190.33,76.82,22.72,2492.6,0.7,322.34,320.66,338.23,324.84,        ,        ,1223.92,1250.91,1255.92,1262.1,1445.12,1978.79,        ,        ,        ,        ,        ,         ,       ,       ,        ,        ,        ,7396.1,109,  GPS,127.8,109.9,113.5,120.3,118.275,7.068,       ,2.97,-21.4,18.7,176.8,-2.5,0,  NONE,   NONE,      ,      ,106.3,     3D,3704,      ,       ,235,       
2024/5/23, 17:06:05,  +08:00,   GHN5,31.2647438,104.2902451,7164.9,29.74,7527.6,16.2,95.63,114.08,61.33,3.37,44.87,-0.02,0.32,353.9,346.4,27.8,28.8,0.3,10.75,14,14.33,190.32,76.8,22.71,2491.9,0.7,322.3,320.68,338.24,324.87,        ,        ,1223.89,1250.99,1255.73,1261.69,1445.02,1978.81,        ,        ,        ,        ,        ,         ,       ,       ,        ,        ,        ,7396.4,109,  GPS,127.8,109.9,113.5,120.3,118.275,7.078,       ,3.46,-12,18.8,176.8,-2.5,0,  NONE,   NONE,      ,      ,43.3,     3D,3704,      ,       ,235,       
2024/5/23, 17:06:06,  +08:00,   GHN5,31.2652664,104.2901688,7163.9,29.74,7526.4,16.2,95.61,114.14,43.7,3.09,45.89,-0.02,0.35,3.2,355.3,27.8,28.8,0.3,10.74,14.01,14.26,190.37,76.91,22.75,2493.8,0.7,322.27,320.67,338.26,324.93,        ,        ,1223.37,1250.97,1255.13,1261.3,1444.95,1978.85,        ,        ,        ,        ,        ,         ,       ,       ,        ,        ,        ,7395.2,109,  GPS,127.8,109.9,113.5,120.3,118.275,7.089,       ,3.91,-3.9,18.8,176.8,-2.5,0,  NONE,   NONE,      ,      ,-39.4,     3D,3704,      ,       ,235,       
2024/5/23, 17:06:07,  +08:00,   GHN5,31.2657986,104.290184,7163.9,29.74,7524,16.2,95.56,114.3,2.64,2.66,45.97,-0.01,0.38,12.9,4.4,27.8,28.8,0.3,10.74,14.01,14.32,190.5,76.95,22.76,2493,0.7,322.26,320.67,338.26,324.99,        ,        ,1223.52,1251.15,1254.8,1261.39,1444.84,1978.89,        ,        ,        ,        ,        ,         ,       ,       ,        ,        ,        ,7392.8,109,  GPS,127.8,109.9,113.5,120.3,118.275,7.103,       ,4.31,3.4,18.8,176.8,-2.5,0,  NONE,   NONE,      ,      ,-118.1,     3D,3704,      ,       ,235,       
2024/5/23, 17:06:08,  +08:00,   GHN5,31.2663212,104.2903137,7161.9,29.74,7522.1,16.2,95.71,114.47,-30.76,2.93,46.82,-0.01,0.44,23.2,13.9,27.8,28.8,0.3,10.73,14.02,14.3,190.65,76.92,22.74,2493.1,0.7,322.25,320.68,338.28,325.03,        ,        ,1223.7,1250.17,1255.59,1261.09,1444.76,1978.92,        ,        ,        ,        ,        ,         ,       ,       ,        ,        ,        ,7390.9,109,  GPS,127.8,109.9,113.5,120.3,118.275,7.117,       ,4.66,10.4,18.9,176.8,-2.5,0,  NONE,   NONE,      ,      ,-173.2,     3D,3704,      ,       ,235,       
2024/5/23, 17:06:09,  +08:00,   GHN5,31.2668209,104.290535,7159.9,29.74,7520.2,16.2,95.82,114.55,-69.35,2.88,46.41,-0.01,0.43,33.3,23.7,27.8,28.8,0.3,10.72,14.03,14.23,190.77,77.01,22.73,2493.3,0.7,322.23,320.69,338.3,325.08,        ,        ,1223.71,1250.01,1255.45,1260.47,1444.67,1978.92,        ,        ,        ,        ,        ,         ,       ,       ,        ,        ,        ,7389,110,  GPS,127.8,109.9,113.5,120.3,118.275,7.133,       ,4.95,17.4,18.9,176.9,-2.5,0,  NONE,   NONE,      ,      ,-185,     3D,3704,      ,       ,235,       
2024/5/23, 17:06:10,  +08:00,   GHN5,31.2672787,104.2908325,7157.9,29.74,7507.8,16.2,95.81,114.45,-102.47,3.08,46.87,-0.02,0.44,43.7,33.5,27.8,28.8,0.3,10.71,14.04,14.44,190.83,77.01,22.89,2493.2,0.7,322.23,320.7,338.31,325.13,        ,        ,1224.5,1249.65,1255.41,1259.89,1444.6,1978.96,        ,        ,        ,        ,        ,         ,       ,       ,        ,        ,        ,7376.6,110,  GPS,127.8,109.9,113.5,120.3,118.275,7.149,       ,5.18,24.5,18.9,176.9,-2.5,0,  NONE,   NONE,      ,      ,-200.8,     3D,3704,      ,       ,252,       
2024/5/23, 17:06:11,  +08:00,   GHN5,31.2676811,104.2912445,7154.9,29.74,7505,16.2,95.56,114.26,-131.57,2.97,47.03,-0.01,0.41,53.4,43.4,27.8,28.8,0.3,10.69,14.06,14.72,190.82,76.93,22.97,2495.6,0.71,322.21,320.72,338.32,325.18,        ,        ,1223.94,1247.75,1254.49,1258.69,1444.51,1979,        ,        ,        ,        ,        ,         ,       ,       ,        ,        ,        ,7373.8,109,  GPS,127.8,109.9,113.5,120.3,118.275,7.164,       ,5.36,31.8,18.9,177,-2.5,0,  NONE,   NONE,      ,      ,-185,     3D,3704,      ,       ,252,       
2024/5/23, 17:06:12,  +08:00,   GHN5,31.2680149,104.2917252,7150.9,29.74,7501.6,16.2,95.64,113.99,-186.56,2.85,47.13,-0.01,0.43,63.7,53.2,27.8,28.8,0.3,10.68,14.07,14.86,190.83,76.94,23.04,2495.3,0.71,322.21,320.74,338.36,325.23,        ,        ,1222.25,1244.89,1252.49,1256.41,1444.43,1979,        ,        ,        ,        ,        ,         ,       ,       ,        ,        ,        ,7370.5,109,  GPS,127.8,109.9,113.5,120.3,118.275,7.18,       ,5.51,39.5,18.9,177.1,-2.5,0,  NONE,   NONE,      ,      ,-212.6,     3D,3704,      ,       ,252,       
2024/5/23, 17:06:13,  +08:00,   GHN5,31.2682743,104.2922592,7148.9,29.74,7497.4,16.2,95.99,113.6,-189.13,2.76,47.76,-0.01,0.43,73.9,63.2,27.8,28.8,0.3,10.67,14.08,15.01,190.84,77.04,23.13,2498.6,0.71,322.19,320.75,338.38,325.29,        ,        ,1219.18,1240.91,1250.01,1255.03,1444.33,1979.02,        ,        ,        ,        ,        ,         ,       ,       ,        ,        ,        ,7366.2,110,  GPS,127.8,109.9,113.5,120.3,118.275,7.194,       ,5.61,47.5,19,177.2,-2.5,0,  NONE,   NONE,      ,      ,-236.2,     3D,3704,      ,       ,252,       
2024/5/23, 17:06:14,  +08:00,   GHN5,31.268446,104.2928314,7145.9,29.74,7490.8,16.2,96.07,113.17,-186.51,3,47.66,-0.01,0.48,84.5,73.3,27.8,28.8,0.3,10.65,14.09,15.16,190.85,77.15,23.16,2501.7,0.72,322.2,320.78,338.41,325.33,        ,        ,1216.67,1236.24,1248.43,1253.17,1444.25,1979.03,        ,        ,        ,        ,        ,         ,       ,       ,        ,        ,        ,7359.7,110,  GPS,127.8,109.9,113.5,120.3,118.275,7.207,       ,5.7,55.9,19,177.3,-2.5,0,  NONE,   NONE,      ,      ,-263.8,     3D,3704,      ,       ,252,       
2024/5/23, 17:06:15,  +08:00,   GHN5,31.2685242,104.2934341,7141.9,29.74,7514.9,16.2,96.16,112.82,-212.99,2.8,46.53,-0.02,0.45,94.7,83.7,27.8,28.8,0.3,10.64,14.12,15.23,190.89,77.1,23.16,2503.2,0.72,322.2,320.81,338.43,325.38,        ,        ,1213.96,1232.36,1247.47,1250.98,1444.19,1979.06,        ,        ,        ,        ,        ,         ,       ,       ,        ,        ,        ,7383.8,110,  GPS,127.8,109.9,113.5,120.3,118.275,7.218,       ,5.78,64.6,19,177.3,-2.5,0,  NONE,   NONE,      ,      ,-232.3, 3DDiff,3704,      ,70,178,307
2024/5/23, 17:06:16,  +08:00,   GHN5,31.2685146,104.2940369,7139.9,29.74,7511.4,16.2,96.46,112.33,-192.3,3.34,45.25,-0.01,0.5,105.1,93.9,27.8,28.8,0.3,10.62,14.15,15.31,190.96,77.17,23.16,2502.6,0.72,322.21,320.83,338.44,325.44,        ,        ,1211.27,1229.96,1245.85,1249.49,1444.1,1979.14,        ,        ,        ,        ,        ,         ,       ,       ,        ,        ,        ,7380.2,110,  GPS,127.8,109.9,113.5,120.3,118.275,7.226,       ,5.86,73.6,19,177.4,-2.5,0,  NONE,   NONE,      ,      ,-177.2, 3DDiff,3704,      ,70,178,308
2024/5/23, 17:06:17,  +08:00,   GHN5,31.2684078,104.2946243,7137.9,29.74,7510,16.2,96.09,111.75,-150.32,4.28,45.76,-0.02,0.47,115.2,104.1,27.8,28.8,0.3,10.6,14.18,15.36,191.03,77.16,23.15,2501.8,0.72,322.2,320.87,338.48,325.47,        ,        ,1209.69,1227.83,1243.73,1249.26,1444,1979.17,        ,        ,        ,        ,        ,         ,       ,       ,        ,        ,        ,7378.8,110,  GPS,127.8,109.9,113.5,120.3,118.275,7.232,       ,5.95,82.9,19,177.5,-2.5,0,  NONE,   NONE,      ,      ,-78.7, 3DDiff,3704,      ,70,178,308
2024/5/23, 17:06:18,  +08:00,   GHN5,31.2682171,104.2951965,7132.9,29.74,7549.1,16.2,95.57,110.9,-184.14,4.65,46.18,-0.01,0.46,125.5,114.2,27.8,28.8,0.3,10.59,14.19,15.4,191.12,77.23,23.19,2503.6,0.72,322.22,320.9,338.49,325.52,        ,        ,1208.58,1225.84,1242.92,1248.58,1443.93,1979.22,        ,        ,        ,        ,        ,         ,       ,       ,        ,        ,        ,7417.9,109,  GPS,127.8,109.9,113.5,120.3,118.275,7.236,       ,6.06,92.3,18.9,177.6,-2.5,0,  NONE,   NONE,      ,      ,55.1, 3DDiff,3704,      ,65,126,115
2024/5/23, 17:06:19,  +08:00,   GHN5,31.2679443,104.2957001,7134.9,29.74,7552,16.2,95.09,109.89,-110.65,4.74,46.34,-0.01,0.43,135.7,124.6,27.8,28.8,0.3,10.59,14.19,15.25,191.18,77.27,23.17,2501.8,0.72,322.22,320.92,338.53,325.56,        ,        ,1207.02,1224.32,1241.67,1248.5,1443.88,1979.26,        ,        ,        ,        ,        ,         ,       ,       ,        ,        ,        ,7420.8,109,  GPS,127.8,109.9,113.5,120.3,118.275,7.237,       ,6.19,101.8,18.9,177.7,-2.5,0,  NONE,   NONE,      ,      ,129.9, 3DDiff,3704,      ,64,126,115
2024/5/23, 17:06:20,  +08:00,   GHN5,31.2676048,104.2961349,7137.9,29.74,7555.3,16.2,94.71,108.84,3.35,4.52,46.15,-0.01,0.39,145.7,134.7,27.8,28.8,0.3,10.58,14.2,15.34,191.29,77.2,23.14,2501.9,0.72,322.21,320.96,338.55,325.61,        ,        ,1206.1,1223.37,1240.46,1248.53,1443.82,1979.3,        ,        ,        ,        ,        ,         ,       ,       ,        ,        ,        ,7424.1,108,  GPS,127.8,109.9,113.5,120.3,118.275,7.235,       ,6.34,111.2,18.9,177.8,-2.5,0,  NONE,   NONE,      ,      ,169.3, 3DDiff,3704,      ,64,126,115
2024/5/23, 17:06:21,  +08:00,   GHN5,31.2672138,104.2965012,7138.9,29.74,7555.8,16.2,94.2,107.98,69.38,3.36,45.02,-0.01,0.24,154.2,144.6,27.8,28.8,0.3,10.58,14.21,15.33,191.37,77.15,23.13,2503,0.72,322.23,321.01,338.58,325.65,        ,        ,1205.32,1221.68,1239.79,1247.38,1443.69,1979.37,        ,        ,        ,        ,        ,         ,       ,       ,        ,        ,        ,7424.6,107,  GPS,127.8,109.9,113.5,120.3,118.275,7.231,       ,6.51,120.4,18.9,177.8,-2.5,0,  NONE,   NONE,      ,      ,133.9, 3DDiff,3704,      ,64,126,115
2024/5/23, 17:06:22,  +08:00,   GHN5,31.2667751,104.2967758,7136.9,29.74,7555.1,16.2,93.71,107.44,44.12,2.37,42.6,-0.01,0.22,162.9,153.6,27.8,28.8,0.3,10.56,14.2,15.3,191.42,77.15,23.15,2504.2,0.72,322.23,321.05,338.6,325.68,        ,        ,1204.79,1221.9,1239.74,1246.79,1443.63,1979.4,        ,        ,        ,        ,        ,         ,       ,       ,        ,        ,        ,7424,107,  GPS,127.8,109.9,113.5,120.3,118.275,7.224,       ,6.7,129.3,18.9,177.8,-2.5,0,  NONE,   NONE,      ,      ,-23.6, 3DDiff,3704,      ,64,126,115
2024/5/23, 17:06:23,  +08:00,   GHN5,31.2663021,104.2969818,7138.9,29.74,7555.9,16.2,94.21,107.38,32.36,0.68,36.55,0.01,0.15,170.4,161.9,27.8,28.8,0.3,10.55,14.21,15.42,191.49,77.13,23.16,2508.1,0.72,322.24,321.09,338.62,325.73,        ,        ,1203.96,1221.59,1239.11,1247.56,1443.53,1979.46,        ,        ,        ,        ,        ,         ,       ,       ,        ,        ,        ,7424.7,107,  GPS,127.8,109.9,113.5,120.3,118.275,7.216,       ,6.9,137.8,18.8,177.9,-2.5,0,  NONE,   NONE,      ,      ,31.5, 3DDiff,3704,      ,65,126,115
2024/5/23, 17:06:24,  +08:00,   GHN5,31.2658119,104.2971191,7138.9,29.74,7549,16.2,95.08,107.71,16.75,-0.08,28.51,0,0.09,176.3,169,27.8,28.8,0.3,10.51,14.25,15.34,191.57,77.15,23.16,2512.3,0.72,322.26,321.16,338.66,325.78,        ,        ,1203.58,1221.18,1238.34,1247.76,1443.47,1979.49,        ,        ,        ,        ,        ,         ,       ,       ,        ,        ,        ,7417.8,109,  GPS,127.8,109.9,113.5,120.3,118.275,7.206,       ,7.1,145.9,18.8,177.9,-2.5,0,  NONE,   NONE,      ,      ,-326.8, 3DDiff,3704,      ,65,126,115
2024/5/23, 17:06:25,  +08:00,   GHN5,31.2653236,104.2971954,7134.9,29.74,7535.5,16.2,96.33,108.54,-91.37,1.3,18.03,0.01,0.17,181.1,174.5,27.8,28.8,0.3,10.43,14.32,15.45,191.65,77.15,23.16,2516.9,0.72,322.28,321.21,338.68,325.81,        ,        ,1203.92,1221.44,1237.39,1248.09,1443.37,1979.53,        ,        ,        ,        ,        ,         ,       ,       ,        ,        ,        ,7404.3,110,  GPS,127.8,109.9,113.5,120.3,118.275,7.195,       ,7.31,153.5,18.8,177.9,-2.5,0,  NONE,   NONE,      ,      ,-346.5, 3DDiff,3704,      ,62,101.5,106
2024/5/23, 17:06:26,  +08:00,   GHN5,31.2648182,104.2972336,7133.9,29.74,7532.7,16.2,97.26,109.13,-150.6,2.67,7.82,0.02,0.15,183.8,178.3,27.8,28.8,0.3,10.35,14.4,15.51,191.73,77.12,23.2,2514.2,0.72,322.29,321.26,338.71,325.86,        ,        ,1202.99,1221.41,1237.16,1247.94,1443.29,1979.59,        ,        ,        ,        ,        ,         ,       ,       ,        ,        ,        ,7401.6,111,  GPS,127.8,109.9,113.5,120.3,118.275,7.183,       ,7.52,160.6,18.7,177.9,-2.5,0,  NONE,   NONE,      ,      ,-196.9, 3DDiff,3704,      ,62,101.5,106
2024/5/23, 17:06:27,  +08:00,   GHN5,31.2643108,104.2972565,7133.9,29.74,7536.2,16.2,97.66,109.52,-131.2,4.35,-0.23,0.03,0.14,183.9,180.2,27.8,28.8,0.3,10.23,14.52,15.34,191.77,77.14,23.2,2515.4,0.72,322.31,321.31,338.74,325.9,        ,        ,1201.27,1221.26,1236.89,1247.71,1443.2,1979.63,        ,        ,        ,        ,        ,         ,       ,       ,        ,        ,        ,7405.1,112,  GPS,127.8,109.9,113.5,120.3,118.275,7.171,       ,7.73,167.2,18.7,177.9,-2.5,0,  NONE,   NONE,      ,      ,63, 3DDiff,3704,      ,62,101.5,105
2024/5/23, 17:06:28,  +08:00,   GHN5,31.2638016,104.2972794,7126.9,29.74,7541.2,16.2,95.69,109.63,-153.52,3.33,-0.94,0,-0.01,181.9,180.5,27.8,28.8,0.3,10.14,14.63,15.4,191.84,77.13,23.15,2508.4,0.72,322.33,321.36,338.77,325.94,        ,        ,1201.94,1220.99,1235.96,1248.68,1443.13,1979.69,        ,        ,        ,        ,        ,         ,       ,       ,        ,        ,        ,7410,109,  GPS,127.8,109.9,113.5,120.3,118.275,7.159,       ,7.95,173.2,18.7,177.9,-2.5,0,  NONE,   NONE,      ,      ,259.8, 3DDiff,3704,      ,62,101.5,105
2024/5/23, 17:06:29,  +08:00,   GHN5,31.2632828,104.2972946,7123.9,29.74,7555.2,16.2,96.09,109.67,-213.22,4.63,-0.48,0,0.13,181,180.4,27.8,28.8,0.3,10.11,14.64,15.28,191.89,77.08,23.1,2505.1,0.72,322.35,321.42,338.79,325.97,        ,        ,1201.33,1221.42,1235.58,1248.54,1443.04,1979.72,        ,        ,        ,        ,        ,         ,       ,       ,        ,        ,        ,7424,110,  GPS,127.8,109.9,113.5,120.3,118.275,7.147,       ,8.15,178.5,18.6,177.9,-2.5,0,  NONE,   NONE,      ,      ,252, 3DDiff,3704,      ,65,126,115
2024/5/23, 17:06:30,  +08:00,   GHN5,31.2627735,104.2973251,7128.9,29.74,7563.1,16.2,96.1,109.5,-83.96,6.17,-0.26,0.01,0.06,181.5,180.2,27.8,28.8,0.3,10.1,14.63,15.17,191.9,77.04,23.03,2498.6,0.71,322.37,321.48,338.82,326.03,        ,        ,1202.28,1222.15,1236.53,1248.34,1442.95,1979.73,        ,        ,        ,        ,        ,         ,       ,       ,        ,        ,        ,7432,110,  GPS,127.8,109.9,113.5,120.3,118.275,7.135,       ,8.32,-176.9,18.6,177.9,-2.5,0,  NONE,   NONE,      ,      ,452.8, 3DDiff,3704,      ,65,126.5,115
2024/5/23, 17:06:31,  +08:00,   GHN5,31.2622814,104.297348,7136.9,29.74,7564.4,16.2,95.61,108.89,160.6,5.98,-1,0.01,0.02,181.4,180.1,27.8,28.8,0.3,10.1,14.68,15.01,191.86,76.95,23,2500.6,0.71,322.4,321.55,338.85,326.06,        ,        ,1203.7,1224.9,1237.56,1249.87,1442.77,1979.64,        ,        ,        ,        ,        ,         ,       ,       ,        ,        ,        ,7433.2,109,  GPS,127.8,109.9,113.5,120.3,118.275,7.123,       ,8.44,-173,18.6,177.9,-2.5,0,  NONE,   NONE,      ,      ,657.5, 3DDiff,3704,      ,62,101.5,105
2024/5/23, 17:06:32,  +08:00,   GHN5,31.2617798,104.2973709,7146.9,29.74,7575.6,16.2,95.03,108.23,355.87,6.11,-0.7,-0.01,0.01,180.6,179.8,27.8,28.8,0.3,10.08,14.7,14.94,191.84,76.91,22.97,2498.7,0.71,322.42,321.59,338.87,326.1,        ,        ,1205.64,1227.64,1238.44,1250.63,1442.74,1979.7,        ,        ,        ,        ,        ,         ,       ,       ,        ,        ,        ,7444.4,108,  GPS,127.8,109.9,113.5,120.3,118.275,7.111,       ,8.51,-169.5,18.6,177.9,-2.5,0,  NONE,   NONE,      ,      ,681.1, 3DDiff,3704,      ,62,101.5,105
2024/5/23, 17:06:33,  +08:00,   GHN5,31.2612839,104.2974091,7155.9,29.74,7586.4,16.2,94.41,107.51,478.52,7.26,0.04,-0.01,0.06,180.5,179.6,27.8,28.8,0.3,10.07,14.66,14.9,191.84,76.88,22.95,2494.9,0.71,322.44,321.66,338.9,326.14,        ,        ,1207.22,1228.85,1238.43,1251.14,1442.62,1979.7,        ,        ,        ,        ,        ,         ,       ,       ,        ,        ,        ,7455.2,108,  GPS,127.8,109.9,113.5,120.3,118.275,7.1,       ,8.54,-166.4,18.5,177.9,-2.5,0,  NONE,   NONE,      ,      ,732.3, 3DDiff,3704,      ,62,101.5,105
