#airframe_info," log_version=""1.03"""," log_content_version=""1.02"""," Product=""GIFD"""," airframe_name=""Cirrus SR20"""," unit_software_part_number=""006-B1177-C2"""," unit_software_version=""21.70"""," system_software_part_number=""006-B2647-N9"""," system_id=""25E7EBA0C""", mode=NORMAL," flightstream_header=""25E7EBA0C_2700""", ,,,,,,,,,,,,,,,,,,,,,,,,,,,,,,,,,,,,,,,,,,,,,,,,,,,,,,,,,,,,,,,,,,,,
#yyy-mm-dd, hh:mm:ss,   hh:mm,  ident,      degrees,      degrees,      ft,  inch,  ft msl, deg C,     kt,     kt,     fpm,    deg,    deg,      G,      G,   deg,   deg, volts, volts,  amps,   gals,   gals,      gph,   deg F,     psi,     Hg,    rpm,       %,   deg F,   deg F,   deg F,   deg F,   deg F,   deg F,   deg F,   deg F,   deg F,   deg F,   deg F,   deg F,   deg F,   deg F,  ft lbs,       %,   deg C,      gph,     Hg,    rpm,  ft lbs,       %,   deg C,  ft wgs,  kt, enum,    deg,    MHz,    MHz,     MHz,     MHz,    fsd,    fsd,     kt,    deg,     nm,    deg,    deg,   bool,  enum,   enum,   deg,   deg,   fpm,   enum,   mt,    mt,     mt,    mt,     mt
  Lcl Date, Lcl Time, UTCOfst, AtvWpt,     Latitude,    Longitude,  AltInd, BaroA,  AltMSL,   OAT,    IAS, GndSpd,    VSpd,  Pitch,   Roll,  LatAc, NormAc,   HDG,   TRK, volt1, volt2,  amp1,  FQtyL,  FQtyR, E1 FFlow, E1 OilT, E1 OilP, E1 MAP, E1 RPM, E1 %Pwr, E1 CHT1, E1 CHT2, E1 CHT3, E1 CHT4, E1 CHT5, E1 CHT6, E1 EGT1, E1 EGT2, E1 EGT3, E1 EGT4, E1 EGT5, E1 EGT6, E1 TIT1, E1 TIT2, E1 Torq,   E1 NG,  E1 ITT, E2 FFlow, E2 MAP, E2 RPM, E2 Torq,   E2 NG,  E2 ITT,  AltGPS, TAS, HSIS,    CRS,   NAV1,   NAV2,    COM1,    COM2,   HCDI,   VCDI, WndSpd,  WndDr, WptDst, WptBrg, MagVar, AfcsOn, RollM, PitchM, RollC, PichC, VSpdG, GPSfix,  HAL,   VAL, HPLwas, HPLfd, VPLwas
2024/5/24, 17:23:54,  +08:00,   GHN0,31.0331497,104.3407822,3028,29.62,3157,30,94.36,99.06,115.11,3.18,2.01,0.01,0.01,183.1,182.8,27.7,28.8,0.6,14.45,13.44,11.01,196.77,71.96,19.81,2523.4,0.54,341.31,327.88,352.91,348.41,        ,        ,1307.71,1306.61,1336.37,1385.01,355,822.09,        ,        ,        ,        ,        ,         ,       ,       ,        ,        ,        ,3022.3,102, NAV1,127,109.9,113.5,124.3,118.275,-2.575,-1.019,3.73,165,4.9,-168.8,-2.5,0,  NONE,   NONE,      ,      ,39.4, 3DDiff,3704,      ,57,78.5,86
2024/5/24, 17:23:55,  +08:00,   GHN0,31.0326881,104.3407745,3029,29.62,3156.7,30,94.61,99.1,68.65,2.97,1.77,0.02,-0.01,183.4,183.3,27.7,28.8,0.6,14.39,13.47,10.99,196.69,71.91,19.83,2519.5,0.54,341.36,327.91,352.93,348.42,        ,        ,1308.62,1306.68,1336.88,1385.02,354.88,822.08,        ,        ,        ,        ,        ,         ,       ,       ,        ,        ,        ,3021.9,103, NAV1,127,109.9,113.5,124.3,118.275,-2.575,-0.981,3.74,165.5,4.8,-168.7,-2.5,0,  NONE,   NONE,      ,      ,-7.9, 3DDiff,3704,      ,57,78.5,86
2024/5/24, 17:23:56,  +08:00,   GHN0,31.0322266,104.3407745,3028,29.62,3154.5,30,94.47,99.25,40.94,1.56,-0.26,0.03,-0.12,183.1,183.7,27.7,28.8,0.6,14.32,13.53,11,196.61,71.89,19.81,2518.7,0.54,341.39,327.93,352.94,348.43,        ,        ,1309.22,1307.51,1337.57,1385.19,354.74,822.07,        ,        ,        ,        ,        ,         ,       ,       ,        ,        ,        ,3019.8,102, NAV1,127,109.9,113.5,124.3,118.275,-2.579,       ,3.74,166.1,4.8,-168.7,-2.5,0,  NONE,   NONE,      ,      ,-110.2, 3DDiff,3704,      ,57,79,86
2024/5/24, 17:23:57,  +08:00,   GHN0,31.0317669,104.3407593,3026,29.62,3147.8,30,94.9,99.51,-31.81,1.14,-0.09,0.03,-0.05,183.5,183.6,27.7,28.8,0.6,14.33,13.48,10.94,196.62,71.88,19.8,2521.9,0.54,341.45,327.96,352.96,348.45,        ,        ,1309.37,1307.81,1338.11,1384.84,354.63,822.08,        ,        ,        ,        ,        ,         ,       ,       ,        ,        ,        ,3013.1,103, NAV1,127,109.9,113.5,124.3,118.275,-2.557,       ,3.73,166.6,4.8,-168.6,-2.5,0,  NONE,   NONE,      ,      ,-346.5, 3DDiff,3704,      ,57,79,86
2024/5/24, 17:23:58,  +08:00,   GHN0,31.0313015,104.340744,3019,29.62,3140.4,30,94.63,100.03,-161.6,1.34,0.86,0.02,0.01,183.6,183.7,27.7,28.8,0.6,14.27,13.51,10.9,196.74,71.94,19.79,2517.8,0.54,341.49,327.98,352.98,348.47,        ,        ,1309.67,1308.68,1337.92,1385.77,354.49,822.05,        ,        ,        ,        ,        ,         ,       ,       ,        ,        ,        ,3005.7,103, NAV1,127,109.9,113.5,124.3,118.275,-2.569,       ,3.73,167.1,4.8,-168.6,-2.5,0,  NONE,   NONE,      ,      ,-484.3, 3DDiff,3704,      ,58,79,86
2024/5/24, 17:23:59,  +08:00,   GHN0,31.030838,104.3407288,3012,29.62,3133.5,30,94.93,100.65,-292.21,2.2,0.09,0.02,0.12,183.5,184.1,27.7,28.8,0.6,14.2,13.54,10.88,196.96,71.94,19.72,2518.5,0.53,341.52,328.02,353,348.47,        ,        ,1309.32,1308.52,1338.62,1384.96,354.36,822.08,        ,        ,        ,        ,        ,         ,       ,       ,        ,        ,        ,2998.8,103, NAV1,127,109.9,113.5,124.3,118.275,-2.56,       ,3.73,167.5,4.7,-168.5,-2.5,0,  NONE,   NONE,      ,      ,-484.3, 3DDiff,3704,      ,57,78.5,86
2024/5/24, 17:24:00,  +08:00,   GHN0,31.0303688,104.3407135,3005,29.62,3127.7,30,95.63,101.16,-372.41,2.16,-0.65,0.01,0.08,183.2,184.1,27.7,28.8,0.6,14.17,13.58,10.88,197.11,71.96,19.69,2519.8,0.53,341.58,328.04,353.01,348.47,        ,        ,1309.36,1307.36,1338.3,1384.39,354.23,822.05,        ,        ,        ,        ,        ,         ,       ,       ,        ,        ,        ,2993,104, NAV1,127,109.9,113.5,124.3,118.275,-2.579,       ,3.71,167.8,4.7,-168.5,-2.5,0,  NONE,   NONE,      ,      ,-358.3, 3DDiff,3704,      ,57,79,86
2024/5/24, 17:24:01,  +08:00,   GHN0,31.0298977,104.3407059,2999,29.62,3125,30,95.36,101.6,-405.83,2.46,-0.18,0.02,0.07,183.2,184,27.7,28.8,0.6,14.18,13.56,10.82,197.21,71.99,19.7,2518.8,0.53,341.61,328.08,353.06,348.49,        ,        ,1308.98,1307.67,1338.49,1384.15,354.13,822.05,        ,        ,        ,        ,        ,         ,       ,       ,        ,        ,        ,2990.2,103, NAV1,127,109.9,113.5,124.3,118.275,-2.569,       ,3.69,168,4.7,-168.4,-2.5,0,  NONE,   NONE,      ,      ,-196.9, 3DDiff,3704,      ,57,79,86
2024/5/24, 17:24:02,  +08:00,   GHN0,31.0294266,104.3406906,2997,29.62,3124.3,30,95.56,101.94,-315.25,2.65,-0.69,0.01,0.02,182.7,184,27.7,28.8,0.6,14.18,13.58,10.78,197.27,72.08,19.69,2522.5,0.53,341.65,328.1,353.08,348.51,        ,        ,1309.47,1307.71,1338.32,1384.36,353.99,822.07,        ,        ,        ,        ,        ,         ,       ,       ,        ,        ,        ,2989.6,104, NAV1,127,109.9,113.5,124.3,118.275,-2.572,       ,3.66,168,4.6,-168.4,-2.5,0,  NONE,   NONE,      ,      ,-63, 3DDiff,3704,      ,57,79,86
2024/5/24, 17:24:03,  +08:00,   GHN0,31.0289516,104.3406754,2997,29.62,3124.5,29.8,96.32,102.09,-231.05,2.89,2.11,0,0.03,182.4,184.1,27.7,28.8,0.6,14.19,13.57,10.87,197.27,72.03,19.69,2525.9,0.53,341.69,328.13,353.09,348.49,        ,        ,1309.51,1307.36,1337.95,1384.75,353.87,822.06,        ,        ,        ,        ,        ,         ,       ,       ,        ,        ,        ,2989.8,104, NAV1,127,109.9,113.5,124.3,118.275,-2.569,-0.995,3.62,167.7,4.6,-168.3,-2.5,0,  NONE,   NONE,      ,      ,-3.9, 3DDiff,3704,      ,58,79,86
2024/5/24, 17:24:04,  +08:00,   GHN0,31.0284767,104.3406601,2996,29.62,3124.1,29.8,96.9,102.13,-154.31,2.63,2.03,0.03,0.04,183.6,184.1,27.7,28.8,0.6,14.21,13.52,10.83,197.27,72.07,19.68,2527,0.53,341.73,328.16,353.11,348.52,        ,        ,1309.04,1307.47,1338.64,1384.83,353.75,822.06,        ,        ,        ,        ,        ,         ,       ,       ,        ,        ,        ,2989.4,105, NAV1,127,109.9,113.5,124.3,118.275,-2.563,-1.447,3.58,167.2,4.6,-168.3,-2.5,0,  NONE,   NONE,      ,      ,31.5, 3DDiff,3704,      ,58,79,86
2024/5/24, 17:24:05,  +08:00,   GHN0,31.0280018,104.3406448,3000,29.62,3124.4,29.8,96.48,102.27,-32.83,2.69,2.27,0.03,0.09,184.1,184.7,27.7,28.8,0.6,14.28,13.56,10.87,197.2,72.02,19.72,2519.5,0.53,341.78,328.19,353.14,348.53,        ,        ,1308.74,1307.68,1338.48,1386.5,353.62,822.03,        ,        ,        ,        ,        ,         ,       ,       ,        ,        ,        ,2989.7,105, NAV1,127,109.9,113.5,124.3,118.275,-2.563,-1.587,3.53,166.5,4.6,-168.3,-2.5,0,  NONE,   NONE,      ,      ,94.5, 3DDiff,3704,      ,57,78.5,86
2024/5/24, 17:24:06,  +08:00,   GHN0,31.0275288,104.3406143,3000,29.62,3128.5,29.8,96.61,102.38,25.5,2.6,1.61,0,0.01,183.6,185.2,27.7,28.8,0.6,14.27,13.57,10.9,197.16,72.04,19.69,2523.8,0.53,341.81,328.21,353.18,348.53,        ,        ,1308.74,1308.1,1337.98,1386.9,353.52,822.04,        ,        ,        ,        ,        ,         ,       ,       ,        ,        ,        ,2993.7,105, NAV1,127,109.9,113.5,124.3,118.275,-2.579,-1.845,3.49,165.7,4.5,-168.2,-2.5,0,  NONE,   NONE,      ,      ,200.8, 3DDiff,3704,      ,57,79,86
2024/5/24, 17:24:07,  +08:00,   GHN0,31.0270538,104.3405838,3003,29.62,3132.2,29.8,96.52,102.46,68.02,3.48,1.56,0.01,0.02,183.6,185.6,27.7,28.8,0.6,14.27,13.55,10.95,197.1,72.06,19.7,2523.7,0.53,341.86,328.24,353.19,348.55,        ,        ,1308.18,1307.87,1338.52,1386.87,353.37,822.03,        ,        ,        ,        ,        ,         ,       ,       ,        ,        ,        ,2997.5,105, NAV1,127,109.9,113.5,124.3,118.275,-2.579,-1.535,3.45,164.9,4.5,-168.2,-2.5,0,  NONE,   NONE,      ,      ,228.3, 3DDiff,3704,      ,57,79,86
2024/5/24, 17:24:08,  +08:00,   GHN0,31.0265789,104.3405533,3005,29.62,3135.5,29.8,96.51,102.3,118.35,3.82,1.38,0.03,-0.01,184.3,185.7,27.7,28.8,0.6,14.27,13.54,10.89,197.09,72.03,19.71,2521.3,0.53,341.9,328.28,353.22,348.56,        ,        ,1308.23,1307.21,1338.68,1386.36,353.25,822.04,        ,        ,        ,        ,        ,         ,       ,       ,        ,        ,        ,3000.8,105, NAV1,127,109.9,113.5,124.3,118.275,-2.572,       ,3.41,163.8,4.5,-168.1,-2.5,0,  NONE,   NONE,      ,      ,208.7, 3DDiff,3704,      ,58,79,86
2024/5/24, 17:24:09,  +08:00,   GHN0,31.0261078,104.3405151,3009,29.62,3138.9,29.8,96.31,102.03,162.17,4.05,2.36,0.02,-0.01,184.6,186.2,27.7,28.8,0.6,14.34,13.56,10.91,197.14,71.94,19.69,2522.4,0.53,341.94,328.3,353.24,348.59,        ,        ,1307.56,1306.72,1337.85,1386.02,353.13,822.03,        ,        ,        ,        ,        ,         ,       ,       ,        ,        ,        ,3004.2,104, NAV1,127,109.9,113.5,124.3,118.275,-2.575,       ,3.38,162.5,4.4,-168.1,-2.5,0,  NONE,   NONE,      ,      ,208.7, 3DDiff,3704,      ,58,79.5,86
2024/5/24, 17:24:10,  +08:00,   GHN0,31.0256367,104.340477,3012,29.62,3142.4,29.8,95.82,101.72,180.24,3.46,1.71,0.04,-0.1,185.8,186.4,27.7,28.8,0.6,14.38,13.5,10.88,197.2,71.93,19.7,2518.4,0.53,341.98,328.34,353.26,348.58,        ,        ,1307.75,1305.68,1337.92,1385.91,352.99,822.02,        ,        ,        ,        ,        ,         ,       ,       ,        ,        ,        ,3007.7,104, NAV1,127,109.9,113.5,124.3,118.275,-2.569,       ,3.36,161,4.4,-168.1,-2.5,0,  NONE,   NONE,      ,      ,149.6, 3DDiff,3704,      ,58,79.5,86
2024/5/24, 17:24:11,  +08:00,   GHN0,31.0251675,104.3404388,3016,29.62,3144.2,29.8,95.94,101.51,198.47,3.12,1.85,0.01,-0.03,186.4,187,27.7,28.8,0.6,14.38,13.51,10.83,197.18,71.9,19.72,2517.7,0.53,342.01,328.38,353.29,348.59,        ,        ,1306.91,1306.01,1337.68,1385.47,352.89,822.02,        ,        ,        ,        ,        ,         ,       ,       ,        ,        ,        ,3009.4,104, NAV1,127,109.9,113.5,124.3,118.275,-2.572,       ,3.35,159.6,4.4,-168,-2.5,0,  NONE,   NONE,      ,      ,55.1, 3DDiff,3704,      ,58,79,86
2024/5/24, 17:24:12,  +08:00,   GHN0,31.0247002,104.3403854,3015,29.62,3143.7,29.8,95.52,101.43,148.3,2.54,-3.36,0.03,-0.07,186.5,187.4,27.7,28.8,0.6,14.33,13.55,10.83,197.19,71.89,19.69,2517.6,0.53,342.05,328.4,353.33,348.61,        ,        ,1306.32,1306.02,1338.22,1385.39,352.74,822.01,        ,        ,        ,        ,        ,         ,       ,       ,        ,        ,        ,3009,104, NAV1,127,109.9,113.5,124.3,118.275,-2.572,       ,3.33,158.2,4.4,-168,-2.5,0,  NONE,   NONE,      ,      ,15.7, 3DDiff,3704,      ,57,79,86
2024/5/24, 17:24:13,  +08:00,   GHN0,31.0242329,104.3403473,3017,29.62,3142.9,29.8,96.66,101.47,90.92,2.69,-11.3,0.05,0,186.4,186.7,27.7,28.8,0.6,14.36,13.59,10.9,197.23,71.85,19.7,2519.5,0.53,342.09,328.42,353.33,348.62,        ,        ,1305.95,1306.12,1338.2,1385.71,352.65,822.01,        ,        ,        ,        ,        ,         ,       ,       ,        ,        ,        ,3008.2,105, NAV1,127,109.9,113.5,124.3,118.275,-2.569,       ,3.32,156.9,4.3,-168,-2.5,0,  NONE,   NONE,      ,      ,-43.3, 3DDiff,3704,      ,58,78.5,86
2024/5/24, 17:24:14,  +08:00,   GHN0,31.0237617,104.3403168,3018,29.62,3141.6,29.8,95.92,101.57,93.57,2.1,-14.29,0,-0.01,181.7,185.1,27.7,28.8,0.6,14.26,13.69,10.94,197.3,71.94,19.7,2517.2,0.53,342.12,328.45,353.37,348.64,        ,        ,1306.69,1306.39,1338.4,1385.6,352.52,822,        ,        ,        ,        ,        ,         ,       ,       ,        ,        ,        ,3006.9,104, NAV1,127,109.9,113.5,124.3,118.275,-2.569,       ,3.31,155.7,4.3,-167.9,-2.5,0,  NONE,   NONE,      ,      ,-70.9, 3DDiff,3704,      ,58,78.5,86
2024/5/24, 17:24:15,  +08:00,   GHN0,31.0232906,104.3403168,3010,29.62,3140,29.8,95.25,101.62,-66.14,1.74,-17.36,0,0,177.8,182.3,27.7,28.8,0.6,14.21,13.64,10.85,197.35,71.87,19.72,2518.8,0.53,342.16,328.49,353.38,348.64,        ,        ,1306.04,1306.79,1338.3,1385.04,352.39,822,        ,        ,        ,        ,        ,         ,       ,       ,        ,        ,        ,3004.8,103, NAV1,127,109.9,113.5,124.3,118.275,-2.569,       ,3.31,154.5,4.3,-167.9,-2.5,0,  NONE,   NONE,      ,      ,-118.1, 3DDiff,3704,      ,58,78.5,86
2024/5/24, 17:24:16,  +08:00,   GHN0,31.0228195,104.3403549,3006,29.62,3136.1,29.8,95.37,101.64,-190.23,3.08,-17.94,0.02,0.13,175.2,178.9,27.7,28.8,0.6,14.28,13.59,10.85,197.31,71.97,19.72,2515.4,0.53,342.19,328.51,353.42,348.67,        ,        ,1306.02,1306.8,1338.4,1386.44,352.28,821.97,        ,        ,        ,        ,        ,         ,       ,       ,        ,        ,        ,3001,103, NAV1,127,109.9,113.5,124.3,118.275,-2.563,-1.376,3.32,152.9,4.3,-167.8,-2.5,0,  NONE,   NONE,      ,      ,-157.5, 3DDiff,3704,      ,58,78.5,86
2024/5/24, 17:24:17,  +08:00,   GHN0,31.0223465,104.3404236,3006,29.62,3133.6,29.8,95.75,101.64,-186.79,2.67,-19.43,0.03,0.06,172.1,175.3,27.7,28.8,0.6,14.34,13.61,10.85,197.27,72.05,19.7,2517.4,0.53,342.23,328.55,353.44,348.67,        ,        ,1305.93,1307.44,1338.51,1387.03,352.16,821.99,        ,        ,        ,        ,        ,         ,       ,       ,        ,        ,        ,2998.4,104, NAV1,127,109.9,113.5,124.3,118.275,-2.566,-1.226,3.34,150.5,4.2,-167.7,-2.5,0,  NONE,   NONE,      ,      ,-106.3, 3DDiff,3704,      ,58,78,86
2024/5/24, 17:24:18,  +08:00,   GHN0,31.021883,104.3405228,3004,29.62,3131.8,29.8,95.42,101.57,-133.29,3.02,-18.33,0,0.1,168,171.6,27.7,28.8,0.6,14.36,13.61,10.82,197.23,71.93,19.72,2518,0.53,342.26,328.57,353.45,348.69,        ,        ,1305.11,1307.4,1338.78,1387.08,352.03,821.98,        ,        ,        ,        ,        ,         ,       ,       ,        ,        ,        ,2996.7,103, NAV1,127,109.9,113.5,124.3,118.275,-2.56,-0.768,3.38,147.6,4.2,-167.5,-2.5,0,  NONE,   NONE,      ,      ,-126, 3DDiff,3704,      ,58,78.5,86
2024/5/24, 17:24:19,  +08:00,   GHN0,31.0214291,104.3406601,3001,29.62,3130.5,29.8,95.35,101.49,-155.17,3.79,-20.17,0.02,0.13,164.4,167.8,27.7,28.8,0.6,14.4,13.58,10.83,197.2,71.92,19.72,2516.9,0.53,342.29,328.6,353.48,348.71,        ,        ,1305.67,1306.92,1338.62,1386.51,351.89,821.96,        ,        ,        ,        ,        ,         ,       ,       ,        ,        ,        ,2995.3,103, NAV1,127,109.9,113.5,124.3,118.275,-2.547,       ,3.43,144.5,4.2,-167.4,-2.5,0,  NONE,   NONE,      ,      ,-74.8, 3DDiff,3704,      ,58,78.5,86
2024/5/24, 17:24:20,  +08:00,   GHN0,31.0209808,104.3408432,3003,29.62,3130.7,29.8,95.23,101.25,-99.34,3.79,-19.25,0.01,0.11,160.9,163.9,27.7,28.8,0.6,14.43,13.56,11.35,197.2,71.87,20.97,2526.6,0.56,342.32,328.62,353.51,348.7,        ,        ,1305.29,1307.17,1338.57,1386.46,351.79,821.96,        ,        ,        ,        ,        ,         ,       ,       ,        ,        ,        ,2995.5,103, NAV1,127,109.9,113.5,124.3,118.275,-2.563,       ,3.5,141,4.2,-167.2,-2.5,0,  NONE,   NONE,      ,      ,15.7, 3DDiff,3704,      ,58,78.5,86
2024/5/24, 17:24:21,  +08:00,   GHN0,31.0205479,104.3410416,3005,29.62,3132.4,29.8,95.51,101.16,14.6,3.67,-19.53,0,0.08,155.8,159.9,27.7,28.8,0.6,14.43,13.6,12,197.28,71.93,21.94,2529,0.63,342.35,328.66,353.53,348.74,        ,        ,1306.76,1309.23,1338.39,1387.38,351.68,821.97,        ,        ,        ,        ,        ,         ,       ,       ,        ,        ,        ,2997.2,104, NAV1,127,109.9,113.5,124.3,118.275,-2.579,-0.147,3.57,137.3,4.1,-167,-2.5,0,  NONE,   NONE,      ,      ,98.4, 3DDiff,3704,      ,58,78.5,86
2024/5/24, 17:24:22,  +08:00,   GHN0,31.0201283,104.3412933,3005,29.62,3135.4,29.8,95.81,101.02,19.84,3.63,-20.63,0.01,0.06,152,155.9,27.7,28.8,0.6,14.48,13.56,12.29,197.34,71.86,22,2518.8,0.63,342.37,328.68,353.55,348.76,        ,        ,1306.9,1309.68,1337.52,1386.81,351.52,821.96,        ,        ,        ,        ,        ,         ,       ,       ,        ,        ,        ,3000.3,104, NAV1,127,109.9,113.5,124.3,118.275,-2.563,0.074,3.66,133.6,4.1,-166.7,-2.5,0,  NONE,   NONE,      ,      ,106.3, 3DDiff,3704,      ,58,78.5,86
2024/5/24, 17:24:23,  +08:00,   GHN0,31.0197277,104.3415604,3007,29.62,3137.9,29.8,96.09,100.89,42.16,3.78,-19.93,0.02,0.15,148.7,152.1,27.7,28.8,0.6,14.55,13.51,12.35,197.34,72.03,21.99,2520.4,0.63,342.42,328.71,353.58,348.75,        ,        ,1307.94,1310.95,1337.3,1385.7,351.4,821.93,        ,        ,        ,        ,        ,         ,       ,       ,        ,        ,        ,3002.7,104, NAV1,127,109.9,113.5,124.3,118.275,-2.581,       ,3.76,129.7,4.1,-166.5,-2.5,0,  NONE,   NONE,      ,      ,94.5, 3DDiff,3704,      ,58,78,86
2024/5/24, 17:24:24,  +08:00,   GHN0,31.0193424,104.3418732,3008,29.62,3139.5,29.8,96.15,100.83,59.96,3.38,-18.09,0.01,0.09,145,148,27.7,28.8,0.6,14.58,13.46,12.4,197.36,71.99,21.99,2520.6,0.63,342.44,328.75,353.62,348.77,        ,        ,1308.06,1312.59,1336.51,1384.92,351.3,821.92,        ,        ,        ,        ,        ,         ,       ,       ,        ,        ,        ,3004.4,104, NAV1,127,109.9,113.5,124.3,118.275,-2.581,       ,3.89,125.8,4.1,-166.2,-2.5,0,  NONE,   NONE,      ,      ,129.9, 3DDiff,3704,      ,58,78.5,86
2024/5/24, 17:24:25,  +08:00,   GHN0,31.0189724,104.3422089,3010,29.62,3142.2,29.8,96.59,100.87,69.09,3.67,-18.75,0,0.07,141.9,144.3,27.7,28.8,0.6,14.6,13.43,12.27,197.35,72.02,21.96,2523.3,0.63,342.48,328.78,353.65,348.8,        ,        ,1308.3,1314.56,1336.37,1383.62,351.16,821.94,        ,        ,        ,        ,        ,         ,       ,       ,        ,        ,        ,3007.1,105, NAV1,127,109.9,113.5,124.3,118.275,-2.566,       ,4.02,122.1,4,-165.9,-2.5,0,  NONE,   NONE,      ,      ,157.5, 3DDiff,3704,      ,58,78.5,86
2024/5/24, 17:24:26,  +08:00,   GHN0,31.0186253,104.3425674,3014,29.62,3144.4,29.8,95.74,100.92,114.28,3.67,-17.17,0.01,0.02,139.7,140.6,27.7,28.8,0.6,14.67,13.38,12.29,197.4,72.05,21.97,2517.1,0.63,342.51,328.8,353.68,348.82,        ,        ,1308.68,1315.15,1336.01,1383.51,351.04,821.92,        ,        ,        ,        ,        ,         ,       ,       ,        ,        ,        ,3009.2,104, NAV1,127,109.9,113.5,124.3,118.275,-2.575,0.235,4.17,118.6,4,-165.6,-2.5,0,  NONE,   NONE,      ,      ,126, 3DDiff,3704,      ,58,78.5,86
2024/5/24, 17:24:27,  +08:00,   GHN0,31.0182934,104.3429565,3016,29.62,3144.5,29.8,95.85,101.08,143.32,3.38,-17.3,0.02,0.01,137.3,137.4,27.7,28.8,0.6,14.76,13.34,12.06,197.46,71.9,21.24,2511,0.6,342.56,328.84,353.73,348.84,        ,        ,1308.34,1315.27,1335.11,1383.38,350.9,821.94,        ,        ,        ,        ,        ,         ,       ,       ,        ,        ,        ,3009.4,104, NAV1,127,109.9,113.5,124.3,118.275,-2.575,       ,4.32,115.4,4,-165.2,-2.5,0,  NONE,   NONE,      ,      ,27.6, 3DDiff,3704,      ,58,78.5,86
2024/5/24, 17:24:28,  +08:00,   GHN0,31.0179825,104.3433685,3016,29.62,3143,29.8,95.67,101.25,109.73,2.5,-17.82,0.01,-0.03,133.8,134.1,27.7,28.8,0.6,14.75,13.35,11.71,197.5,71.79,20.82,2510.7,0.58,342.59,328.87,353.77,348.88,        ,        ,1309.44,1314.13,1334.68,1383.58,350.78,821.92,        ,        ,        ,        ,        ,         ,       ,       ,        ,        ,        ,3007.8,104, NAV1,127,109.9,113.5,124.3,118.275,-2.572,0.253,4.45,112.7,4,-164.9,-2.5,0,  NONE,   NONE,      ,      ,-39.4, 3DDiff,3704,      ,58,78.5,86
2024/5/24, 17:24:29,  +08:00,   GHN0,31.0176849,104.3437881,3014,29.62,3139.4,29.8,96.07,101.51,26.95,2.6,-17.75,0.01,0.01,130.8,130.9,27.7,28.8,0.6,14.74,13.34,11.55,197.57,71.87,20.72,2519.9,0.58,342.64,328.92,353.82,348.9,        ,        ,1311.27,1313.14,1334.31,1385.62,350.68,821.94,        ,        ,        ,        ,        ,         ,       ,       ,        ,        ,        ,3004.3,104, NAV1,127,109.9,113.5,124.3,118.275,-2.572,-0.308,4.57,110.5,4,-164.5,-2.5,0,  NONE,   NONE,      ,      ,-149.6, 3DDiff,3704,      ,58,78,86
2024/5/24, 17:24:30,  +08:00,   GHN0,31.017416,104.3442383,3012,29.62,3136.3,29.8,96.27,101.84,-54.15,2.8,-19.59,0.02,0.07,127.9,127.7,27.7,28.8,0.6,14.76,13.35,11.52,197.58,71.94,20.71,2521.3,0.58,342.68,328.94,353.87,348.94,        ,        ,1311.82,1312.34,1333.32,1386.57,350.53,821.93,        ,        ,        ,        ,        ,         ,       ,       ,        ,        ,        ,3001.2,104, NAV1,127,109.9,113.5,124.3,118.275,-2.581,0.38,4.66,108.6,4,-164.1,-2.5,0,  NONE,   NONE,      ,      ,-220.5, 3DDiff,3704,      ,58,78.5,86
2024/5/24, 17:24:31,  +08:00,   GHN0,31.0171661,104.3447113,3009,29.62,3132.5,29.8,96.42,102.27,-115.79,2.77,-19.78,0.03,0.08,124.2,124,27.7,28.8,0.6,14.76,13.38,11.5,197.52,71.95,20.69,2522.7,0.57,342.73,328.96,353.92,348.97,        ,        ,1313.31,1311.55,1332.85,1386.04,350.42,821.9,        ,        ,        ,        ,        ,         ,       ,       ,        ,        ,        ,2997.3,105, NAV1,127,109.9,113.5,124.3,118.275,-2.581,0.394,4.72,107,4,-163.7,-2.5,0,  NONE,   NONE,      ,      ,-236.2, 3DDiff,3704,      ,58,78.5,86
2024/5/24, 17:24:32,  +08:00,   GHN0,31.0169411,104.3452072,3005,29.62,3128.7,29.8,96.55,102.71,-169.9,2.64,-19.96,0.03,0.1,120.5,120.3,27.7,28.8,0.6,14.75,13.38,11.44,197.5,71.98,20.69,2521.3,0.57,342.76,329.01,353.96,349,        ,        ,1314.32,1311.65,1332.55,1386.98,350.31,821.87,        ,        ,        ,        ,        ,         ,       ,       ,        ,        ,        ,2993.6,105, NAV1,127,109.9,113.5,124.3,118.275,-2.557,0.466,4.77,105.7,4,-163.3,-2.5,0,  NONE,   NONE,      ,      ,-224.4, 3DDiff,3704,      ,58,78.5,86
2024/5/24, 17:24:33,  +08:00,   GHN0,31.0167465,104.3457108,3002,29.62,3125.3,29.8,96.08,103.18,-198.88,3,-19.46,0.01,0.12,116.7,116.4,27.7,28.8,0.6,14.74,13.41,11.49,197.54,71.91,20.68,2520.8,0.57,342.81,329.06,354.02,349.06,        ,        ,1313.46,1311.09,1332.79,1388.01,350.16,821.91,        ,        ,        ,        ,        ,         ,       ,       ,        ,        ,        ,2990.2,104, NAV1,127,109.9,113.5,124.3,118.275,-2.563,0.348,4.78,104.7,4,-162.9,-2.5,0,  NONE,   NONE,      ,      ,-204.7, 3DDiff,3704,      ,58,78.5,86
2024/5/24, 17:24:34,  +08:00,   GHN0,31.0165825,104.3462372,2998,29.62,3122.8,29.8,96.94,103.63,-227.11,3.16,-20.39,0.03,0.09,113.3,112.5,27.7,28.8,0.6,14.72,13.43,11.53,197.62,72.01,20.66,2523.5,0.57,342.83,329.08,354.06,349.08,        ,        ,1313.23,1310.06,1332.59,1388,350.04,821.87,        ,        ,        ,        ,        ,         ,       ,       ,        ,        ,        ,2987.7,105, NAV1,127,109.9,113.5,124.3,118.275,-2.553,       ,4.78,103.7,4,-162.5,-2.5,0,  NONE,   NONE,      ,      ,-133.9, 3DDiff,3704,      ,58,78.5,86
2024/5/24, 17:24:35,  +08:00,   GHN0,31.016449,104.3467789,2998,29.62,3122.5,29.8,96.87,104.02,-180.16,3.18,-19.02,0.02,0.08,109.3,108.7,27.7,28.8,0.6,14.75,13.46,11.53,197.7,72.02,20.66,2522.4,0.57,342.88,329.12,354.11,349.12,        ,        ,1313.93,1310.07,1332.79,1387.76,349.93,821.9,        ,        ,        ,        ,        ,         ,       ,       ,        ,        ,        ,2987.4,105, NAV1,127,109.9,113.5,124.3,118.275,-2.55,       ,4.74,103,4,-162.1,-2.5,0,  NONE,   NONE,      ,      ,-74.8, 3DDiff,3704,      ,58,78,86
2024/5/24, 17:24:36,  +08:00,   GHN0,31.0163403,104.3473206,2995,29.62,3120.7,29.8,96.58,104.35,-137,3.64,-19.67,0.01,0.14,105.5,105,27.7,28.8,0.6,14.74,13.47,11.52,197.71,71.98,20.66,2522.2,0.57,342.91,329.16,354.15,349.16,        ,        ,1314.2,1309.97,1331.65,1388.07,349.81,821.87,        ,        ,        ,        ,        ,         ,       ,       ,        ,        ,        ,2985.6,105, NAV1,127,109.9,113.5,124.3,118.275,-2.55,-1.515,4.68,102.3,4,-161.7,-2.5,0,  NONE,   NONE,      ,      ,-47.2, 3DDiff,3704,      ,58,78.5,86
2024/5/24, 17:24:37,  +08:00,   GHN0,31.0162659,104.3478851,2995,29.62,3121.5,29.8,96.98,104.6,-114.09,4.19,-19.28,0.02,0.08,102.2,101.2,27.7,28.8,0.6,14.74,13.49,11.52,197.63,72.06,20.65,2523.4,0.57,342.94,329.2,354.2,349.21,        ,        ,1314.62,1309.22,1331.75,1387.24,349.69,821.89,        ,        ,        ,        ,        ,         ,       ,       ,        ,        ,        ,2986.4,105, NAV1,127,109.9,113.5,124.3,118.275,-2.541,-2.335,4.6,101.8,4,-161.3,-2.5,0,  NONE,   NONE,      ,      ,39.4, 3DDiff,3704,      ,58,78.5,86
2024/5/24, 17:24:38,  +08:00,   GHN0,31.0162239,104.3484421,2997,29.62,3123.5,29.8,96.69,104.71,-33.98,4.08,-19.59,0.02,0.06,98.4,97.4,27.7,28.8,0.6,14.74,13.53,11.49,197.56,72.12,20.66,2522.4,0.57,342.98,329.23,354.23,349.23,        ,        ,1315.12,1308.68,1331.04,1386.62,349.56,821.9,        ,        ,        ,        ,        ,         ,       ,       ,        ,        ,        ,2988.3,105, NAV1,127,109.9,113.5,124.3,118.275,-2.487,-1.157,4.49,101.4,4,-160.9,-2.5,0,  NONE,   NONE,      ,      ,114.2, 3DDiff,3704,      ,58,78.5,86
2024/5/24, 17:24:39,  +08:00,   GHN0,31.0162106,104.3489914,2998,29.62,3125.5,29.8,96.19,104.81,27.55,4.2,-18.85,0.02,0.07,95,94,27.7,28.8,0.6,14.72,13.53,11.44,197.52,72.02,20.67,2518.5,0.57,343.03,329.28,354.29,349.28,        ,        ,1315.54,1307.78,1330.87,1386.23,349.42,821.9,        ,        ,        ,        ,        ,         ,       ,       ,        ,        ,        ,2990.4,104, NAV1,127,109.9,113.5,124.3,118.275,-2.481,-1.047,4.37,101,4,-160.5,-2.5,0,  NONE,   NONE,      ,      ,126, 3DDiff,3704,      ,58,78.5,86
2024/5/24, 17:24:40,  +08:00,   GHN0,31.0162315,104.3495712,3000,29.62,3128.8,29.8,96.52,104.89,54.79,4.61,-19.79,0.01,0.08,92.3,90.3,27.7,28.8,0.6,14.76,13.55,11.49,197.5,71.99,20.63,2519.6,0.57,343.06,329.32,354.33,349.31,        ,        ,1315.61,1308.31,1330.34,1386.49,349.32,821.88,        ,        ,        ,        ,        ,         ,       ,       ,        ,        ,        ,2993.7,105, NAV1,127,109.9,113.5,124.3,118.275,-2.403,-1.622,4.22,100.9,4,-160.1,-2.5,0,  NONE,   NONE,      ,      ,122, 3DDiff,3704,      ,58,78.5,86
2024/5/24, 17:24:41,  +08:00,   GHN0,31.0162754,104.3501358,3003,29.62,3130.3,29.8,96,104.95,118.93,4.33,-19.06,0.01,0.02,88.8,86.8,27.7,28.8,0.6,14.74,13.58,11.5,197.49,71.91,20.76,2517.5,0.57,343.09,329.37,354.37,349.36,        ,        ,1314.82,1308.6,1330.56,1387.28,349.2,821.91,        ,        ,        ,        ,        ,         ,       ,       ,        ,        ,        ,2995.2,104, NAV1,127,109.9,113.5,124.3,118.275,-2.4,-2.552,4.07,101,4,-159.7,-2.5,0,  NONE,   NONE,      ,      ,114.2, 3DDiff,3704,      ,58,78.5,86
2024/5/24, 17:24:42,  +08:00,   GHN0,31.0163536,104.3506927,3004,29.62,3132.8,29.8,96.05,105.06,113.64,4.17,-19.25,0.02,0.12,85.2,83.3,27.7,28.8,0.6,14.7,13.6,11.77,197.5,71.97,21.13,2529.9,0.59,343.13,329.4,354.41,349.42,        ,        ,1314.7,1308.65,1330.48,1387.97,349.08,821.9,        ,        ,        ,        ,        ,         ,       ,       ,        ,        ,        ,2997.6,104, NAV1,127,109.9,113.5,124.3,118.275,-2.318,-2.536,3.89,101.4,4,-159.3,-2.5,0,  NONE,   NONE,      ,      ,86.6, 3DDiff,3704,      ,58,78.5,86
2024/5/24, 17:24:43,  +08:00,   GHN0,31.0164623,104.3512497,3006,29.62,3135.4,29.8,96.65,105.4,102.72,3.86,-18.79,0.01,0,81.7,79.7,27.7,28.8,0.6,14.71,13.64,11.77,197.58,72.01,21.18,2530.9,0.6,343.16,329.44,354.45,349.45,        ,        ,1314.47,1308.41,1330.86,1388.06,348.96,821.91,        ,        ,        ,        ,        ,         ,       ,       ,        ,        ,        ,3000.3,105, NAV1,127,109.9,113.5,124.3,118.275,-2.051,-1.879,3.71,102.2,4,-158.9,-2.5,0,  NONE,   NONE,      ,      ,141.7, 3DDiff,3704,      ,58,78.5,86
2024/5/24, 17:24:44,  +08:00,   GHN0,31.0165997,104.351799,3009,29.62,3137.5,29.8,96.1,105.78,110.02,3.82,-19.62,0.03,0.07,78.7,76.1,27.7,28.8,0.6,14.73,13.65,11.81,197.64,71.98,21.2,2522.2,0.59,343.19,329.49,354.49,349.5,        ,        ,1315.06,1308.54,1332.04,1388.98,348.87,821.88,        ,        ,        ,        ,        ,         ,       ,       ,        ,        ,        ,3002.4,104, NAV1,127,109.9,113.5,124.3,118.275,-1.269,       ,3.53,103.4,4,-158.6,-2.5,0,  NONE,   NONE,      ,      ,122, 3DDiff,3704,      ,58,78.5,86
2024/5/24, 17:24:45,  +08:00,   GHN0,31.0167675,104.3523331,3012,29.62,3139.5,29.8,95.45,106.27,154.08,3.55,-18.85,0.02,0.04,74.2,72.7,27.7,28.8,0.6,14.72,13.69,11.8,197.68,71.93,21.17,2521.2,0.59,343.23,329.54,354.53,349.55,        ,        ,1314.98,1308.19,1331.75,1389.26,348.76,821.89,        ,        ,        ,        ,        ,         ,       ,       ,        ,        ,        ,3004.4,103, NAV1,127,109.9,113.5,124.3,118.275,-2.092,       ,3.34,105,4.1,-158.3,-2.5,0,  NONE,   NONE,      ,      ,114.2, 3DDiff,3704,      ,58,79,86
2024/5/24, 17:24:46,  +08:00,   GHN0,31.0169621,104.3528671,3011,29.62,3140.4,29.8,95.67,106.79,125.32,2.86,-19.07,0.01,0.01,70.1,69.3,27.7,28.8,0.6,14.63,13.69,11.85,197.71,71.9,21.19,2520.6,0.59,343.26,329.57,354.58,349.59,        ,        ,1315.16,1308.68,1330.74,1389.79,348.62,821.89,        ,        ,        ,        ,        ,         ,       ,       ,        ,        ,        ,3005.3,104, NAV1,127,109.9,113.5,124.3,118.275,-2.581,       ,3.16,107.3,4.1,-158,-2.5,0,  NONE,   NONE,      ,      ,118.1, 3DDiff,3704,      ,58,79,86
2024/5/24, 17:24:47,  +08:00,   GHN0,31.0171909,104.3533859,3012,29.62,3142.2,29.8,95.41,107.42,67.3,2.91,-18.73,0.01,0.02,66.6,65.7,27.7,28.8,0.6,14.67,13.69,11.78,197.78,71.92,21.15,2521.9,0.59,343.3,329.62,354.63,349.65,        ,        ,1315.27,1309.31,1330.94,1389.89,348.49,821.85,        ,        ,        ,        ,        ,         ,       ,       ,        ,        ,        ,3007.1,103, NAV1,127,109.9,113.5,124.3,118.275,-2.538,       ,2.96,110.1,4.1,-157.7,-2.5,0,  NONE,   NONE,      ,      ,110.2, 3DDiff,3704,      ,58,78.5,86
2024/5/24, 17:24:48,  +08:00,   GHN0,31.017437,104.3538818,3014,29.62,3141.8,29.8,95.6,107.98,54.73,2.98,-19.01,0.02,0.03,63.3,62.3,27.7,28.8,0.6,14.72,13.67,11.77,197.92,71.94,21.15,2522.7,0.59,343.34,329.67,354.67,349.68,        ,        ,1315.36,1309.86,1330.85,1389.75,348.36,821.84,        ,        ,        ,        ,        ,         ,       ,       ,        ,        ,        ,3006.7,104, NAV1,127,109.9,113.5,124.3,118.275,-2.581,       ,2.76,113.5,4.1,-157.4,-2.5,0,  NONE,   NONE,      ,      ,55.1, 3DDiff,3704,      ,58,78.5,86
2024/5/24, 17:24:49,  +08:00,   GHN0,31.0177174,104.3543777,3015,29.62,3142.1,29.8,95.76,108.56,61.93,2.69,-19.63,0.02,0.08,59.8,58.9,27.7,28.8,0.6,14.7,13.64,11.75,198,72.03,21.11,2521.9,0.59,343.38,329.71,354.71,349.75,        ,        ,1315.26,1310.27,1331.07,1390.97,348.23,821.83,        ,        ,        ,        ,        ,         ,       ,       ,        ,        ,        ,3006.9,104, NAV1,127,109.9,113.5,124.3,118.275,-2.487,       ,2.56,117.6,4.1,-157.2,-2.5,0,  NONE,   NONE,      ,      ,27.6, 3DDiff,3704,      ,58,78.5,86
2024/5/24, 17:24:50,  +08:00,   GHN0,31.0180206,104.3548508,3016,29.62,3141.4,29.8,95.02,109.22,69.15,3.02,-16.37,0.01,0.04,56.5,55.7,27.7,28.8,0.6,14.7,13.62,11.72,198.01,71.91,21.15,2519.1,0.59,343.43,329.76,354.75,349.79,        ,        ,1314.62,1310.28,1331.01,1391.24,348.11,821.85,        ,        ,        ,        ,        ,         ,       ,       ,        ,        ,        ,3006.3,103, NAV1,127,109.9,113.5,124.3,118.275,-2.563,-2.425,2.37,122.7,4.2,-156.9,-2.5,0,  NONE,   NONE,      ,      ,-27.6, 3DDiff,3704,      ,58,79,86
2024/5/24, 17:24:51,  +08:00,   GHN0,31.0183487,104.3553009,3015,29.62,3139.6,29.8,96.24,109.77,13.03,3.15,-16.71,0.01,0.04,54.1,52.5,27.7,28.8,0.6,14.69,13.63,11.82,197.97,71.85,21.11,2525.4,0.59,343.46,329.81,354.81,349.85,        ,        ,1314.26,1311.02,1331.09,1391.57,348.01,821.85,        ,        ,        ,        ,        ,         ,       ,       ,        ,        ,        ,3004.5,104, NAV1,127,109.9,113.5,124.3,118.275,-2.55,       ,2.2,129,4.2,-156.7,-2.5,0,  NONE,   NONE,      ,      ,-90.6, 3DDiff,3704,      ,58,79,86
2024/5/24, 17:24:52,  +08:00,   GHN0,31.0186863,104.3557205,3014,29.62,3139.4,29.8,97.39,110.22,-42.6,3.04,-17.06,0.03,0.06,52,49.8,27.7,28.8,0.6,14.73,13.62,11.77,197.97,71.87,21.14,2526.7,0.59,343.5,329.84,354.85,349.9,        ,        ,1314.51,1310.85,1330.43,1390.59,347.89,821.87,        ,        ,        ,        ,        ,         ,       ,       ,        ,        ,        ,3004.2,106, NAV1,127,109.9,113.5,124.3,118.275,-2.516,-2.182,2.06,136.7,4.2,-156.5,-2.5,0,  NONE,   NONE,      ,      ,-90.6, 3DDiff,3704,      ,58,79,86
2024/5/24, 17:24:53,  +08:00,   GHN0,31.0190582,104.3561554,3014,29.62,3138.6,29.8,97.44,110.74,-54.88,2.91,-17.15,0.02,0.05,49.1,46.7,27.7,28.8,0.6,14.67,13.63,11.81,197.96,71.75,21.15,2518.1,0.59,343.55,329.9,354.91,349.94,        ,        ,1314.49,1310.44,1329.83,1389.55,347.76,821.83,        ,        ,        ,        ,        ,         ,       ,       ,        ,        ,        ,3003.5,106, NAV1,127,109.9,113.5,124.3,118.275,-2.531,-1.403,1.98,145.5,4.3,-156.4,-2.5,0,  NONE,   NONE,      ,      ,-51.2, 3DDiff,3704,      ,58,78.5,86
2024/5/24, 17:24:54,  +08:00,   GHN0,31.0194473,104.3565521,3014,29.62,3139.1,29.8,97.74,111.23,-56.52,3.39,-17.94,0.01,0.09,45.9,43.7,27.7,28.8,0.6,14.63,13.67,11.77,197.98,71.81,21.15,2521.1,0.59,343.58,329.94,354.94,349.99,        ,        ,1315.1,1310.32,1330.15,1389.62,347.66,821.87,        ,        ,        ,        ,        ,         ,       ,       ,        ,        ,        ,3004,106, NAV1,127,109.9,113.5,124.3,118.275,-2.513,-2.003,1.97,154.5,4.3,-156.2,-2.5,0,  NONE,   NONE,      ,      ,-23.6, 3DDiff,3704,      ,58,78.5,86
2024/5/24, 17:24:55,  +08:00,   GHN0,31.0198479,104.3569107,3012,29.62,3140.1,29.8,97.5,111.69,-55.14,3.36,-18.35,0.03,0.05,42.9,40.7,27.7,28.8,0.6,14.59,13.68,11.77,198,71.82,21.14,2520.7,0.59,343.63,329.98,354.99,350.05,        ,        ,1315.15,1311.06,1330.44,1389.38,347.51,821.86,        ,        ,        ,        ,        ,         ,       ,       ,        ,        ,        ,3004.9,106, NAV1,127,109.9,113.5,124.3,118.275,-2.528,       ,2.03,163,4.3,-156.1,-2.5,0,  NONE,   NONE,      ,      ,35.4, 3DDiff,3704,      ,58,78.5,86
2024/5/24, 17:24:56,  +08:00,   GHN0,31.0202847,104.3572693,3014,29.62,3140.7,29.8,97.59,112.1,-19.29,3.58,-18.48,0.02,0.04,39.6,37.5,27.7,28.8,0.6,14.57,13.71,11.73,198,71.78,21.15,2519.1,0.59,343.68,330.03,355.04,350.1,        ,        ,1315.57,1310.86,1330.17,1389.61,347.4,821.87,        ,        ,        ,        ,        ,         ,       ,       ,        ,        ,        ,3005.6,106, NAV1,127,109.9,113.5,124.3,118.275,-2.487,-1.328,2.15,170.3,4.3,-156,-2.5,0,  NONE,   NONE,      ,      ,35.4, 3DDiff,3704,      ,58,79,86
2024/5/24, 17:24:57,  +08:00,   GHN0,31.0207157,104.3575821,3014,29.62,3141.1,29.8,97.26,112.45,17.92,3.72,-19.47,0.01,0.04,36,34.5,27.7,28.8,0.6,14.53,13.72,11.75,198,71.74,21.15,2518.5,0.59,343.72,330.08,355.09,350.15,        ,        ,1316.73,1311.11,1330.72,1388.51,347.28,821.87,        ,        ,        ,        ,        ,         ,       ,       ,        ,        ,        ,3005.9,106, NAV1,127,109.9,113.5,124.3,118.275,-2.497,-1.895,2.32,176.3,4.4,-155.9,-2.5,0,  NONE,   NONE,      ,      ,15.7, 3DDiff,3704,      ,58,79,86
2024/5/24, 17:24:58,  +08:00,   GHN0,31.0211735,104.357872,3015,29.62,3139.8,29.8,97.44,112.74,10.6,3.77,-19.29,0.02,0.06,32.6,31.1,27.7,28.8,0.6,14.5,13.76,11.77,198,71.76,21.16,2519,0.59,343.76,330.12,355.13,350.21,        ,        ,1316.86,1310.8,1331.19,1388.61,347.14,821.85,        ,        ,        ,        ,        ,         ,       ,       ,        ,        ,        ,3004.7,106, NAV1,127,109.9,113.5,124.3,118.275,-2.478,-2.337,2.53,-179,4.4,-155.9,-2.5,0,  NONE,   NONE,      ,      ,-11.8, 3DDiff,3704,      ,58,79,86
2024/5/24, 17:24:59,  +08:00,   GHN0,31.0216503,104.3581314,3015,29.62,3139.6,29.8,97.24,113.03,15.71,3.52,-19.52,0.02,0.07,28.8,28,27.7,28.8,0.6,14.43,13.8,11.76,198.01,71.75,21.15,2518.8,0.59,343.81,330.18,355.17,350.26,        ,        ,1317.3,1310.05,1332.43,1389.1,347.02,821.86,        ,        ,        ,        ,        ,         ,       ,       ,        ,        ,        ,3004.4,106, NAV1,127,109.9,113.5,124.3,118.275,-2.437,-1.674,2.76,-175.4,4.4,-155.9,-2.5,0,  NONE,   NONE,      ,      ,-11.8, 3DDiff,3704,      ,58,78.5,86
2024/5/24, 17:25:00,  +08:00,   GHN0,31.0221386,104.3583679,3014,29.62,3138.1,29.8,96.94,113.35,-10.88,3.45,-19.8,0.01,0.07,25.4,24.5,27.7,28.8,0.6,14.41,13.81,11.82,198.01,71.85,21.15,2520.1,0.59,343.86,330.22,355.21,350.32,        ,        ,1317.93,1310.37,1331.92,1390.34,346.91,821.83,        ,        ,        ,        ,        ,         ,       ,       ,        ,        ,        ,3003,105, NAV1,127,109.9,113.5,124.3,118.275,-2.396,-1.768,3.01,-172.5,4.5,-155.9,-2.5,0,  NONE,   NONE,      ,      ,-31.5, 3DDiff,3704,      ,58,78.5,86
2024/5/24, 17:25:01,  +08:00,   GHN0,31.0226383,104.3585663,3012,29.62,3137.2,29.8,97.37,113.68,-42.61,3.69,-18.82,0.02,0.08,22.3,21.2,27.7,28.8,0.6,14.39,13.82,11.78,198,71.87,21.14,2522.2,0.59,343.89,330.27,355.26,350.38,        ,        ,1318,1310.9,1331.67,1390.7,346.79,821.83,        ,        ,        ,        ,        ,         ,       ,       ,        ,        ,        ,3002.1,106, NAV1,127,109.9,113.5,124.3,118.275,-2.453,-1.473,3.27,-170.3,4.5,-155.9,-2.5,0,  NONE,   NONE,      ,      ,-51.2, 3DDiff,3704,      ,58,78.5,86
2024/5/24, 17:25:02,  +08:00,   GHN0,31.0231495,104.3587265,3012,29.62,3136.7,29.8,98.18,113.95,-58.93,3.89,-17.7,0.01,0.09,19.1,17.9,27.7,28.8,0.6,14.38,13.84,11.78,198.01,71.96,21.15,2524.9,0.59,343.94,330.31,355.3,350.43,        ,        ,1318.07,1310.44,1332.1,1390.85,346.67,821.8,        ,        ,        ,        ,        ,         ,       ,       ,        ,        ,        ,3001.5,107, NAV1,127,109.9,113.5,124.3,118.275,-2.434,-0.806,3.53,-168.5,4.5,-155.9,-2.5,0,  NONE,   NONE,      ,      ,-31.5, 3DDiff,3704,      ,58,79,86
2024/5/24, 17:25:03,  +08:00,   GHN0,31.0236664,104.3588562,3013,29.62,3136.7,29.8,97.79,114.1,-40.33,4.02,-17.5,0.01,0.06,15.7,14.9,27.7,28.8,0.6,14.37,13.89,11.78,198.02,71.95,21.13,2523,0.59,343.99,330.36,355.35,350.48,        ,        ,1318.21,1310.53,1332.15,1390.99,346.53,821.8,        ,        ,        ,        ,        ,         ,       ,       ,        ,        ,        ,3001.5,106, NAV1,127,109.9,113.5,124.3,118.275,-2.469,-0.532,3.8,-167.3,4.6,-156,-2.5,0,  NONE,   NONE,      ,      ,3.9, 3DDiff,3704,      ,58,79,86
2024/5/24, 17:25:04,  +08:00,   GHN0,31.0241909,104.358963,3013,29.62,3138.3,29.8,97.28,114.28,-18.69,3.87,-18.81,0.02,0.01,12.7,11.9,27.7,28.8,0.6,14.35,13.87,11.76,198.05,71.9,21.14,2518.8,0.59,344.04,330.41,355.4,350.56,        ,        ,1318.72,1311.73,1332.9,1390.6,346.42,821.8,        ,        ,        ,        ,        ,         ,       ,       ,        ,        ,        ,3003.2,106, NAV1,127,109.9,113.5,124.3,118.275,-2.465,-0.444,4.07,-166.5,4.6,-156.1,-2.5,0,  NONE,   NONE,      ,      ,27.6, 3DDiff,3704,      ,58,79,86
2024/5/24, 17:25:05,  +08:00,   GHN0,31.0247135,104.3590317,3013,29.62,3137.3,29.8,96.69,114.41,13.63,3.65,-17.6,0,0.02,9,8.9,27.7,28.8,0.6,14.31,13.91,11.71,198.03,71.84,21.15,2517.3,0.59,344.08,330.46,355.44,350.59,        ,        ,1318.62,1312.92,1332.46,1390.21,346.29,821.77,        ,        ,        ,        ,        ,         ,       ,       ,        ,        ,        ,3002.1,105, NAV1,127,109.9,113.5,124.3,118.275,-2.481,-0.741,4.34,-166,4.6,-156.2,-2.5,0,  NONE,   NONE,      ,      ,-43.3, 3DDiff,3704,      ,58,78,86
2024/5/24, 17:25:06,  +08:00,   GHN0,31.0252476,104.3590622,3011,29.62,3136.1,29.8,96.45,114.61,-20.13,3.23,-19.5,0.02,0.04,5.9,5.9,27.7,28.8,0.6,14.26,13.93,11.77,198.02,71.82,21.15,2518.1,0.59,344.14,330.5,355.47,350.66,        ,        ,1317.87,1313.21,1332.19,1391.09,346.17,821.77,        ,        ,        ,        ,        ,         ,       ,       ,        ,        ,        ,3001,105, NAV1,127,109.9,113.5,124.3,118.275,-2.381,-0.651,4.62,-165.8,4.7,-156.3,-2.5,0,  NONE,   NONE,      ,      ,-106.3, 3DDiff,3704,      ,58,78.5,86
2024/5/24, 17:25:07,  +08:00,   GHN0,31.0257797,104.3590698,3010,29.62,3133.9,29.8,96.59,115,-55.74,3.03,-19.06,0.01,0.02,3.3,2.6,27.7,28.8,0.6,14.27,13.94,11.74,197.97,71.81,21.16,2515.6,0.59,344.18,330.55,355.53,350.71,        ,        ,1317.09,1312.83,1331.65,1391.65,346.08,821.78,        ,        ,        ,        ,        ,         ,       ,       ,        ,        ,        ,2998.8,105, NAV1,127,109.9,113.5,124.3,118.275,-2.421,-0.593,4.9,-165.7,4.7,-156.4,-2.5,0,  NONE,   NONE,      ,      ,-133.9, 3DDiff,3704,      ,58,78.5,86
2024/5/24, 17:25:08,  +08:00,   GHN0,31.0263157,104.3590317,3009,29.62,3131.8,29.8,96.63,115.44,-59.31,2.9,-20.05,0.01,0.07,359,359.5,27.7,28.8,0.6,14.22,13.99,11.48,197.91,71.76,20.53,2508.7,0.57,344.24,330.6,355.57,350.77,        ,        ,1317.2,1311.75,1331.81,1391.38,345.95,821.78,        ,        ,        ,        ,        ,         ,       ,       ,        ,        ,        ,2996.7,105, NAV1,127,109.9,113.5,124.3,118.275,-2.443,-1.009,5.18,-165.9,4.7,-156.6,-2.5,0,  NONE,   NONE,      ,      ,-126, 3DDiff,3704,      ,58,78.5,86
2024/5/24, 17:25:09,  +08:00,   GHN0,31.0268478,104.3589706,3006,29.62,3129.7,29.8,97.25,115.81,-113.34,2.54,-19.74,0.01,0.03,355.6,356.2,27.7,28.8,0.6,14.18,13.97,11.05,197.82,71.71,19.84,2508.9,0.54,344.28,330.64,355.61,350.84,        ,        ,1315.8,1311.16,1331.71,1390.28,345.81,821.75,        ,        ,        ,        ,        ,         ,       ,       ,        ,        ,        ,2994.6,106, NAV1,127,109.9,113.5,124.3,118.275,-2.522,-1.139,5.47,-166.2,4.7,-156.8,-2.5,0,  NONE,   NONE,      ,      ,-129.9, 3DDiff,3704,      ,58,78.5,86
2024/5/24, 17:25:10,  +08:00,   GHN0,31.0273819,104.3588562,3003,29.62,3126.3,29.8,97.83,116.14,-147.22,2.7,-19.96,0,0.11,352.5,352.7,27.7,28.8,0.6,14.15,14,10.92,197.81,71.72,19.72,2514.4,0.53,344.33,330.69,355.64,350.89,        ,        ,1315.31,1310.8,1333.69,1388.92,345.68,821.72,        ,        ,        ,        ,        ,         ,       ,       ,        ,        ,        ,2991.2,106, NAV1,127,109.9,113.5,124.3,118.275,-2.478,       ,5.76,-166.6,4.8,-157,-2.5,0,  NONE,   NONE,      ,      ,-129.9, 3DDiff,3704,      ,58,78.5,86
2024/5/24, 17:25:11,  +08:00,   GHN0,31.0279064,104.3587189,3003,29.62,3125.6,29.8,98.39,116.49,-134.84,2.63,-18.98,0.01,0.04,349.3,349.3,27.7,28.8,0.6,14.14,14.02,10.9,197.81,71.8,19.63,2518.3,0.53,344.37,330.73,355.69,350.95,        ,        ,1314.94,1311.19,1335.45,1387.42,345.56,821.74,        ,        ,        ,        ,        ,         ,       ,       ,        ,        ,        ,2990.5,107, NAV1,127,109.9,113.5,124.3,118.275,-2.478,       ,6.06,-167.2,4.8,-157.2,-2.5,0,  NONE,   NONE,      ,      ,-86.6, 3DDiff,3704,      ,58,78,86
2024/5/24, 17:25:12,  +08:00,   GHN0,31.028429,104.3585434,3000,29.62,3123.3,29.8,97.62,116.84,-116.84,2.5,-18.84,-0.01,0.01,345.8,346.3,27.7,28.8,0.6,14.1,14.04,10.88,197.82,71.7,19.63,2513.4,0.53,344.43,330.77,355.73,351,        ,        ,1313.59,1310.89,1336.05,1386.91,345.44,821.74,        ,        ,        ,        ,        ,         ,       ,       ,        ,        ,        ,2988.2,106, NAV1,127,109.9,113.5,124.3,118.275,-2.535,       ,6.34,-167.9,4.8,-157.4,-2.5,0,  NONE,   NONE,      ,      ,-102.4, 3DDiff,3704,      ,58,78.5,86
2024/5/24, 17:25:13,  +08:00,   GHN0,31.0289421,104.3583298,3000,29.62,3121.3,29.8,97.94,117.16,-110.75,2.69,-18.85,0,0.06,342.6,343.1,27.7,28.8,0.6,14.11,14.07,10.84,197.73,71.72,19.62,2517.1,0.53,344.46,330.81,355.77,351.06,        ,        ,1311.94,1310.17,1337.06,1385.85,345.33,821.74,        ,        ,        ,        ,        ,         ,       ,       ,        ,        ,        ,2986.1,106, NAV1,127,109.9,113.5,124.3,118.275,-2.519,-0.655,6.62,-168.7,4.8,-157.7,-2.5,0,  NONE,   NONE,      ,      ,-114.2, 3DDiff,3704,      ,58,78.5,86
2024/5/24, 17:25:14,  +08:00,   GHN0,31.0294437,104.3580933,2999,29.62,3119.3,29.8,98.27,117.41,-93.35,2.64,-19.51,0,0.04,338.8,340.1,27.7,28.8,0.6,14.05,14.08,10.78,197.78,71.72,19.61,2519.1,0.53,344.5,330.86,355.81,351.1,        ,        ,1311.2,1309.93,1336.76,1385.48,345.21,821.72,        ,        ,        ,        ,        ,         ,       ,       ,        ,        ,        ,2984.1,107, NAV1,127,109.9,113.5,124.3,118.275,-2.528,       ,6.9,-169.6,4.9,-157.9,-2.5,0,  NONE,   NONE,      ,      ,-114.2, 3DDiff,3704,      ,58,78.5,86
2024/5/24, 17:25:15,  +08:00,   GHN0,31.0299358,104.3578186,2996,29.62,3117.8,29.8,98.36,117.64,-118.93,2.35,-18.28,0,0.14,335.3,336.9,27.7,28.8,0.6,14,14.09,10.8,197.94,71.77,19.62,2518.5,0.53,344.54,330.89,355.84,351.15,        ,        ,1310.66,1309.34,1336.92,1385.31,345.09,821.7,        ,        ,        ,        ,        ,         ,       ,       ,        ,        ,        ,2982.6,107, NAV1,127,109.9,113.5,124.3,118.275,-2.544,       ,7.17,-170.5,4.9,-158.2,-2.5,0,  NONE,   NONE,      ,      ,-90.6, 3DDiff,3704,      ,58,78.5,86
2024/5/24, 17:25:16,  +08:00,   GHN0,31.0304165,104.3575134,2994,29.62,3118.9,29.8,98.18,117.99,-98.26,2.2,-17.23,-0.01,0.13,332,333.7,27.7,28.8,0.6,13.98,14.1,10.85,198.08,71.73,19.61,2517.5,0.53,344.58,330.94,355.88,351.2,        ,        ,1310.77,1309.41,1336.55,1385.28,344.97,821.67,        ,        ,        ,        ,        ,         ,       ,       ,        ,        ,        ,2983.7,107, NAV1,127,109.9,113.5,124.3,118.275,-2.509,0.07,7.44,-171.5,4.9,-158.5,-2.5,0,  NONE,   NONE,      ,      ,-11.8, 3DDiff,3704,      ,58,78.5,86
2024/5/24, 17:25:17,  +08:00,   GHN0,31.0308876,104.3571701,2994,29.62,3118.8,29.8,99.21,118.28,-128.17,2.45,-17.91,-0.02,0.11,329.7,330.8,27.7,28.8,0.6,14.04,14.08,10.81,198.15,71.83,19.58,2524.2,0.53,344.6,330.97,355.9,351.26,        ,        ,1310.14,1308.58,1335.98,1386.14,344.85,821.66,        ,        ,        ,        ,        ,         ,       ,       ,        ,        ,        ,2983.6,108, NAV1,127,109.9,113.5,124.3,118.275,-2.5,       ,7.7,-172.6,4.9,-158.8,-2.5,0,  NONE,   NONE,      ,      ,27.6, 3DDiff,3704,      ,58,78,86
2024/5/24, 17:25:18,  +08:00,   GHN0,31.0313396,104.3568115,2995,29.62,3120.4,29.8,99.06,118.56,-66.78,2.61,-20.31,0.01,0.02,326.9,327.6,27.7,28.8,0.6,13.98,14.03,10.76,198.16,71.87,19.6,2521.6,0.53,344.63,331.01,355.92,351.3,        ,        ,1310.43,1308.43,1336.35,1386.57,344.7,821.7,        ,        ,        ,        ,        ,         ,       ,       ,        ,        ,        ,2985.3,108, NAV1,127,109.9,113.5,124.3,118.275,-2.528,       ,7.96,-173.6,5,-159.1,-2.5,0,  NONE,   NONE,      ,      ,74.8, 3DDiff,3704,      ,58,78.5,86
2024/5/24, 17:25:19,  +08:00,   GHN0,31.0317726,104.3564148,2999,29.62,3121.3,29.8,99.56,118.73,30.42,2.63,-19.81,-0.01,0.12,322.6,324.5,27.7,28.8,0.6,13.93,14.04,10.81,198.18,71.84,19.58,2521.9,0.53,344.66,331.04,355.96,351.35,        ,        ,1310.33,1307.87,1336.54,1386.26,344.57,821.67,        ,        ,        ,        ,        ,         ,       ,       ,        ,        ,        ,2986.1,108, NAV1,127,109.9,113.5,124.3,118.275,-2.519,-0.127,8.19,-174.8,5,-159.4,-2.5,0,  NONE,   NONE,      ,      ,51.2, 3DDiff,3704,      ,58,78.5,86
2024/5/24, 17:25:20,  +08:00,   GHN0,31.0321865,104.3559875,2997,29.62,3122.2,29.8,99.49,118.79,34.91,2.36,-21.36,-0.01,0.07,317.4,321.1,27.7,28.8,0.6,13.9,14.01,10.76,198.27,71.81,19.58,2526.9,0.53,344.7,331.07,355.98,351.38,        ,        ,1309.95,1308.22,1336.95,1386.25,344.47,821.67,        ,        ,        ,        ,        ,         ,       ,       ,        ,        ,        ,2987.1,108, NAV1,127,109.9,113.5,124.3,118.275,-2.531,-0.354,8.42,-176,5,-159.7,-2.5,0,  NONE,   NONE,      ,      ,59.1, 3DDiff,3704,      ,58,78.5,86
2024/5/24, 17:25:21,  +08:00,   GHN0,31.0325756,104.3555374,2995,29.62,3122.7,29.8,100.02,118.71,-45.55,2.3,-18.61,0.02,0.15,314.6,317.4,27.7,28.8,0.6,13.99,13.9,10.83,198.27,71.76,19.57,2525.6,0.53,344.72,331.1,356.01,351.43,        ,        ,1310.38,1308.67,1337.51,1386.31,344.34,821.66,        ,        ,        ,        ,        ,         ,       ,       ,        ,        ,        ,2987.5,109, NAV1,127,109.9,113.5,124.3,118.275,-2.541,-1.089,8.64,-177.2,5,-160.1,-2.5,0,  NONE,   NONE,      ,      ,35.4, 3DDiff,3704,      ,58,78.5,86
2024/5/24, 17:25:22,  +08:00,   GHN0,31.0329437,104.3550568,2996,29.62,3124.1,29.8,100.72,118.79,-46.18,2.66,-17.74,-0.01,0.11,312.2,314.1,27.7,28.8,0.6,14.02,13.8,10.82,198.3,71.8,19.58,2528.3,0.53,344.75,331.15,356.02,351.47,        ,        ,1310.11,1308.53,1337.37,1385.67,344.23,821.64,        ,        ,        ,        ,        ,         ,       ,       ,        ,        ,        ,2989,110, NAV1,127,109.9,113.5,124.3,118.275,-2.56,-0.619,8.86,-178.3,5,-160.4,-2.5,0,  NONE,   NONE,      ,      ,110.2, 3DDiff,3704,      ,58,78.5,86
2024/5/24, 17:25:23,  +08:00,   GHN0,31.0332832,104.3545609,3000,29.62,3128.6,29.8,100.41,118.77,19.41,3.19,-18.16,0.03,0.05,309.3,311,27.7,28.8,0.6,14.02,13.73,10.81,198.42,71.86,19.58,2525.9,0.53,344.77,331.18,356.05,351.51,        ,        ,1309.25,1308.79,1338.57,1386.37,344.11,821.62,        ,        ,        ,        ,        ,         ,       ,       ,        ,        ,        ,2993.4,109, NAV1,127,109.9,113.5,124.3,118.275,-2.56,-0.673,9.07,-179.4,5,-160.7,-2.5,0,  NONE,   NONE,      ,      ,216.5, 3DDiff,3704,      ,58,78.5,86
2024/5/24, 17:25:24,  +08:00,   GHN0,31.0336037,104.3540421,3004,29.62,3132.6,29.8,100.35,118.56,146.34,3.37,-18.57,0,0.06,304.7,308.1,27.7,28.8,0.6,13.97,13.75,10.84,198.51,71.87,19.59,2524.9,0.53,344.79,331.21,356.06,351.52,        ,        ,1308.99,1307.92,1338.34,1386.95,343.99,821.62,        ,        ,        ,        ,        ,         ,       ,       ,        ,        ,        ,2997.4,109, NAV1,127,109.9,113.5,124.3,118.275,-2.547,-1.181,9.27,179.4,5,-161.1,-2.5,0,  NONE,   NONE,      ,      ,244.1, 3DDiff,3704,      ,58,78.5,86
2024/5/24, 17:25:25,  +08:00,   GHN0,31.0338974,104.3535004,3007,29.62,3137.6,29.8,99.72,118.17,175.1,3.24,-18.53,0.01,0.03,301.6,304.9,27.7,28.8,0.6,13.95,13.66,10.81,198.5,71.85,19.59,2523.1,0.53,344.79,331.23,356.08,351.57,        ,        ,1308.26,1307.1,1337.57,1386.59,343.86,821.62,        ,        ,        ,        ,        ,         ,       ,       ,        ,        ,        ,3002.4,109, NAV1,127,109.9,113.5,124.3,118.275,-2.563,-1.173,9.44,178.2,5.1,-161.5,-2.5,0,  NONE,   NONE,      ,      ,295.3, 3DDiff,3704,      ,58,78.5,86
2024/5/24, 17:25:26,  +08:00,   GHN0,31.0341644,104.352951,3013,29.62,3142.1,29.8,100.59,117.72,228.06,3.07,-19.08,0.04,0.03,298.7,301.8,27.7,28.8,0.6,13.97,13.61,10.85,198.49,71.85,19.58,2525.8,0.53,344.81,331.25,356.1,351.6,        ,        ,1308.35,1306.8,1337.54,1386.86,343.74,821.59,        ,        ,        ,        ,        ,         ,       ,       ,        ,        ,        ,3006.9,110, NAV1,127,109.9,113.5,124.3,118.275,-2.56,-1.35,9.61,177,5.1,-161.8,-2.5,0,  NONE,   NONE,      ,      ,267.7, 3DDiff,3704,      ,58,79,86
2024/5/24, 17:25:27,  +08:00,   GHN0,31.0344086,104.3523865,3019,29.62,3143.5,29.8,99.79,117.19,296.68,2.94,-19.02,0.01,0.09,293.8,299.2,27.7,28.8,0.6,13.93,13.63,10.86,198.44,71.68,19.59,2525,0.53,344.83,331.28,356.11,351.62,        ,        ,1307.74,1307.96,1336.81,1386.82,343.59,821.59,        ,        ,        ,        ,        ,         ,       ,       ,        ,        ,        ,3008.3,109, NAV1,127,109.9,113.5,124.3,118.275,-2.462,-1.726,9.76,175.8,5.1,-162.2,-2.5,0,  NONE,   NONE,      ,      ,106.3, 3DDiff,3704,      ,58,79,86
2024/5/24, 17:25:28,  +08:00,   GHN0,31.0346241,104.3518066,3016,29.62,3143.9,29.8,99.81,116.73,183.76,2.99,-17.66,0,0.07,291.2,296,27.7,28.8,0.6,13.81,13.53,10.85,198.34,71.73,19.64,2518.7,0.53,344.85,331.3,356.12,351.65,        ,        ,1307.65,1308.64,1335.66,1386.93,343.51,821.61,        ,        ,        ,        ,        ,         ,       ,       ,        ,        ,        ,3008.7,109, NAV1,127,109.9,113.5,124.3,118.275,-2.541,-1.553,9.92,174.7,5.1,-162.5,-2.5,0,  NONE,   NONE,      ,      ,3.9, 3DDiff,3704,      ,58,79,86
2024/5/24, 17:25:29,  +08:00,   GHN0,31.0348186,104.3512192,3017,29.62,3144.9,29.8,98.94,116.32,106.5,3.09,-18.75,0.02,0.03,288.1,293,27.7,28.8,0.6,13.73,13.52,10.86,198.19,71.71,19.65,2513.5,0.53,344.85,331.33,356.14,351.68,        ,        ,1306.92,1309.37,1334.62,1387.12,343.37,821.56,        ,        ,        ,        ,        ,         ,       ,       ,        ,        ,        ,3009.7,108, NAV1,127,109.9,113.5,124.3,118.275,-2.487,-0.876,10.08,173.6,5.1,-162.9,-2.5,0,  NONE,   NONE,      ,      ,51.2, 3DDiff,3704,      ,58,78.5,86
2024/5/24, 17:25:30,  +08:00,   GHN0,31.034977,104.3506241,3018,29.62,3147.3,29.8,99.72,115.83,73.56,3.33,-19.41,0.02,0.07,284.4,289.7,27.7,28.8,0.6,13.69,13.49,10.86,198.15,71.78,19.62,2523.7,0.53,344.87,331.33,356.14,351.7,        ,        ,1306.49,1309.43,1334.86,1385.97,343.25,821.55,        ,        ,        ,        ,        ,         ,       ,       ,        ,        ,        ,3012.1,109, NAV1,127,109.9,113.5,124.3,118.275,-2.5,-1.372,10.25,172.5,5.1,-163.3,-2.5,0,  NONE,   NONE,      ,      ,122, 3DDiff,3704,      ,58,78.5,86
2024/5/24, 17:25:31,  +08:00,   GHN0,31.0351067,104.350029,3021,29.62,3150.2,29.8,99.71,115.21,75.14,4.05,-19.97,0.01,-0.02,281.3,286.5,27.7,28.8,0.6,13.63,13.43,10.82,198.12,71.77,19.63,2520,0.53,344.87,331.36,356.16,351.75,        ,        ,1306.28,1308.89,1335.6,1385.59,343.14,821.57,        ,        ,        ,        ,        ,         ,       ,       ,        ,        ,        ,3015,109, NAV1,127,109.9,113.5,124.3,118.275,-2.528,-1.732,10.42,171.5,5.1,-163.6,-2.5,0,  NONE,   NONE,      ,      ,157.5, 3DDiff,3704,      ,58,78.5,86
2024/5/24, 17:25:32,  +08:00,   GHN0,31.0352058,104.3494186,3023,29.62,3149.7,29.8,99.44,114.41,93.27,4.31,-19.04,0.02,-0.01,279.3,283.3,27.7,28.8,0.6,13.6,13.32,10.83,198.11,71.75,19.64,2518.4,0.53,344.9,331.38,356.17,351.75,        ,        ,1306.63,1308.37,1335.63,1385.81,343.03,821.56,        ,        ,        ,        ,        ,         ,       ,       ,        ,        ,        ,3014.5,108, NAV1,127,109.9,113.5,124.3,118.275,-2.563,-1.473,10.59,170.4,5.1,-164,-2.5,0,  NONE,   NONE,      ,      ,-7.9, 3DDiff,3704,      ,58,79,86
2024/5/24, 17:25:33,  +08:00,   GHN0,31.0352764,104.3488083,3022,29.62,3147.7,29.8,98.34,113.7,90.31,2.26,-20.3,0,-0.03,275,280.3,27.7,28.8,0.6,13.5,13.33,10.75,198.17,71.7,19.62,2518.7,0.53,344.92,331.4,356.17,351.77,        ,        ,1306.41,1308.02,1335.46,1384.93,342.89,821.58,        ,        ,        ,        ,        ,         ,       ,       ,        ,        ,        ,3012.5,107, NAV1,127,109.9,113.5,124.3,118.275,-2.581,-1.975,10.75,169.5,5.1,-164.3,-2.5,0,  NONE,   NONE,      ,      ,-110.2, 3DDiff,3704,      ,58,79,86
2024/5/24, 17:25:34,  +08:00,   GHN0,31.0353184,104.3482056,3018,29.62,3142.4,29.8,98.35,113.25,-20.42,2.42,-21.56,0.02,0.09,271.4,276.9,27.7,28.8,0.6,13.52,13.27,10.84,198.22,71.68,19.64,2516.9,0.53,344.95,331.4,356.18,351.79,        ,        ,1306.55,1308.06,1336.01,1383.69,342.76,821.58,        ,        ,        ,        ,        ,         ,       ,       ,        ,        ,        ,3007.2,107, NAV1,127,109.9,113.5,124.3,118.275,-2.575,       ,10.9,168.5,5.1,-164.7,-2.5,0,  NONE,   NONE,      ,      ,-236.2, 3DDiff,3704,      ,58,79,86
2024/5/24, 17:25:35,  +08:00,   GHN0,31.0353222,104.3475952,3015,29.62,3137.8,29.8,98.85,112.96,-110.15,2.36,-19.76,0,0.07,267.3,273.2,27.7,28.8,0.6,13.51,13.24,10.83,198.28,71.68,19.63,2518.8,0.53,344.95,331.41,356.18,351.81,        ,        ,1306.88,1307.97,1336.01,1383.54,342.64,821.55,        ,        ,        ,        ,        ,         ,       ,       ,        ,        ,        ,3002.6,108, NAV1,127,109.9,113.5,124.3,118.275,-2.563,-2.586,11.04,167.5,5.1,-165,-2.5,0,  NONE,   NONE,      ,      ,-248, 3DDiff,3704,      ,58,78.5,86
2024/5/24, 17:25:36,  +08:00,   GHN0,31.0352974,104.3469925,3011,29.62,3132.5,29.8,99.41,112.59,-194.83,2.52,-19.39,0.01,0.07,264.1,269.7,27.7,28.8,0.6,13.49,13.18,10.84,198.36,71.75,19.62,2522,0.53,344.97,331.41,356.17,351.82,        ,        ,1307.11,1308.24,1336.41,1384.12,342.52,821.53,        ,        ,        ,        ,        ,         ,       ,       ,        ,        ,        ,2997.3,108, NAV1,127,109.9,113.5,124.3,118.275,-2.569,       ,11.17,166.5,5.1,-165.4,-2.5,0,  NONE,   NONE,      ,      ,-283.5, 3DDiff,3704,      ,58,78.5,86
2024/5/24, 17:25:37,  +08:00,   GHN0,31.0352421,104.3463898,3009,29.62,3128.4,29.8,99.7,112.26,-204.79,2.49,-18.14,0.02,0.06,260.5,266.4,27.7,28.8,0.6,13.48,13.2,10.85,198.38,71.68,19.62,2522.4,0.53,345,331.42,356.18,351.85,        ,        ,1307.22,1307.7,1336.42,1383.85,342.41,821.56,        ,        ,        ,        ,        ,         ,       ,       ,        ,        ,        ,2993.2,109, NAV1,127,109.9,113.5,124.3,118.275,-2.547,-1.415,11.3,165.5,5,-165.7,-2.5,0,  NONE,   NONE,      ,      ,-240.2, 3DDiff,3704,      ,58,79,86
2024/5/24, 17:25:38,  +08:00,   GHN0,31.0351543,104.3457947,3003,29.62,3125.2,29.8,99.09,111.89,-234.85,2.66,-19.25,0.01,0.07,257.6,262.9,27.7,28.8,0.6,13.46,13.23,10.86,198.33,71.7,19.64,2519.3,0.53,345.04,331.43,356.18,351.87,        ,        ,1307.93,1307.5,1335.57,1383.71,342.29,821.56,        ,        ,        ,        ,        ,         ,       ,       ,        ,        ,        ,2990,108, NAV1,127,109.9,113.5,124.3,118.275,-2.569,-1.105,11.43,164.6,5,-166,-2.5,0,  NONE,   NONE,      ,      ,-192.9, 3DDiff,3704,      ,58,79,86
2024/5/24, 17:25:39,  +08:00,   GHN0,31.0350418,104.3452072,3001,29.62,3122,29.8,100.44,111.46,-239.07,3.27,-19.46,0.02,0.05,254.9,259.7,27.7,28.8,0.6,13.53,13.23,10.83,198.32,71.7,19.62,2528,0.53,345.08,331.45,356.17,351.89,        ,        ,1308.56,1306.39,1336.4,1384.14,342.19,821.56,        ,        ,        ,        ,        ,         ,       ,       ,        ,        ,        ,2986.9,109, NAV1,127,109.9,113.5,124.3,118.275,-2.553,       ,11.55,163.7,5,-166.4,-2.5,0,  NONE,   NONE,      ,      ,-189, 3DDiff,3704,      ,58,79,86
2024/5/24, 17:25:40,  +08:00,   GHN0,31.0348969,104.344635,3000,29.62,3119.4,29.8,101.46,110.9,-208.1,3.1,-19.56,0.01,0.08,251.7,256.4,27.7,28.8,0.6,13.5,13.23,10.84,198.37,71.83,19.61,2528.6,0.53,345.12,331.45,356.17,351.91,        ,        ,1309.07,1305.89,1337.03,1384.14,342.07,821.57,        ,        ,        ,        ,        ,         ,       ,       ,        ,        ,        ,2984.2,111, NAV1,127,109.9,113.5,124.3,118.275,-2.581,       ,11.64,162.8,5,-166.7,-2.5,0,  NONE,   NONE,      ,      ,-185, 3DDiff,3704,      ,58,79,86
2024/5/24, 17:25:41,  +08:00,   GHN0,31.0347271,104.3440781,2998,29.62,3116.7,29.8,100.88,110.33,-158.97,2.85,-19.31,0.02,0.1,247.6,252.9,27.7,28.8,0.6,13.45,13.26,10.82,198.4,71.83,19.64,2523.9,0.53,345.17,331.45,356.16,351.93,        ,        ,1309.3,1306.14,1337.32,1384.46,341.94,821.57,        ,        ,        ,        ,        ,         ,       ,       ,        ,        ,        ,2981.5,110, NAV1,127,109.9,113.5,124.3,118.275,-2.56,-1.399,11.71,161.9,5,-167,-2.5,0,  NONE,   NONE,      ,      ,-200.8, 3DDiff,3704,      ,58,78.5,86
2024/5/24, 17:25:42,  +08:00,   GHN0,31.0345287,104.3435287,2993,29.62,3113.3,29.8,100.3,109.85,-189.88,2.65,-18.05,0,0.02,244.2,249.6,27.7,28.8,0.6,13.48,13.28,10.8,198.45,71.76,19.66,2522.9,0.53,345.23,331.46,356.15,351.93,        ,        ,1308.44,1306.57,1336.58,1385.14,341.83,821.53,        ,        ,        ,        ,        ,         ,       ,       ,        ,        ,        ,2978.2,109, NAV1,127,109.9,113.5,124.3,118.275,-2.56,       ,11.76,161.2,5,-167.3,-2.5,0,  NONE,   NONE,      ,      ,-212.6, 3DDiff,3704,      ,58,79,86
2024/5/24, 17:25:43,  +08:00,   GHN0,31.0343037,104.3430023,2989,29.62,3109.9,29.8,99.82,109.4,-198.64,3.07,-19.18,0.03,0.04,241.6,246.4,27.7,28.8,0.6,13.5,13.29,10.83,198.45,71.77,19.67,2518,0.53,345.28,331.46,356.15,351.94,        ,        ,1308.7,1306.41,1336.3,1385.84,341.7,821.51,        ,        ,        ,        ,        ,         ,       ,       ,        ,        ,        ,2974.7,109, NAV1,127,109.9,113.5,124.3,118.275,-2.55,       ,11.8,160.5,5,-167.6,-2.5,0,  NONE,   NONE,      ,      ,-216.5, 3DDiff,3704,      ,58,79,86
2024/5/24, 17:25:44,  +08:00,   GHN0,31.0340576,104.3424911,2987,29.62,3105.6,29.8,99.56,108.95,-179.54,2.91,-18.74,0.01,0.04,238.3,243,27.7,28.8,0.6,13.52,13.32,10.83,198.4,71.75,19.68,2516.2,0.53,345.34,331.47,356.12,351.96,        ,        ,1308.76,1305.65,1335.69,1386.63,341.58,821.53,        ,        ,        ,        ,        ,         ,       ,       ,        ,        ,        ,2970.4,108, NAV1,127,109.9,113.5,124.3,118.275,-2.547,       ,11.81,159.8,4.9,-167.8,-2.5,0,  NONE,   NONE,      ,      ,-252, 3DDiff,3704,      ,58,79.5,86
2024/5/24, 17:25:45,  +08:00,   GHN0,31.0337849,104.3420029,2982,29.62,3101.3,29.8,98.45,108.6,-192.44,2.93,-18.09,0.01,0.05,235,239.9,27.7,28.8,0.6,13.5,13.34,10.84,198.35,71.73,19.68,2515.5,0.53,345.39,331.47,356.12,351.98,        ,        ,1308.17,1306.14,1335.05,1386.47,341.51,821.6,        ,        ,        ,        ,        ,         ,       ,       ,        ,        ,        ,2966.1,107, NAV1,127,109.9,113.5,124.3,118.275,-2.553,       ,11.81,159,4.9,-168.1,-2.5,0,  NONE,   NONE,      ,      ,-255.9, 3DDiff,3704,      ,59,79.5,86
2024/5/24, 17:25:46,  +08:00,   GHN0,31.0334911,104.3415298,2978,29.62,3097.4,29.8,98.74,108.27,-222.25,2.94,-20.57,0.04,0.05,231.7,236.4,27.7,28.8,0.6,13.52,13.39,10.85,198.31,71.81,19.69,2515.9,0.53,345.44,331.46,356.11,351.99,        ,        ,1307.81,1306.07,1333.81,1386.03,341.51,821.66,        ,        ,        ,        ,        ,         ,       ,       ,        ,        ,        ,2962.2,107, NAV1,127,109.9,113.5,124.3,118.275,-2.581,       ,11.78,158.3,4.9,-168.3,-2.5,0,  NONE,   NONE,      ,      ,-244.1, 3DDiff,3704,      ,59,79.5,86
2024/5/24, 17:25:47,  +08:00,   GHN0,31.0331726,104.3410797,2977,29.62,3092.9,29.8,98.09,107.94,-177.69,3.27,-19.7,0.02,0.16,226.8,233,27.7,28.8,0.6,13.54,13.44,10.87,198.25,71.67,19.7,2513.7,0.53,345.48,331.46,356.08,352,        ,        ,1307.73,1305.36,1333.29,1385.55,341.28,821.5,        ,        ,        ,        ,        ,         ,       ,       ,        ,        ,        ,2957.7,107, NAV1,127,109.9,113.5,124.3,118.275,-2.581,       ,11.74,157.4,4.9,-168.6,-2.5,0,  NONE,   NONE,      ,      ,-240.2, 3DDiff,3704,      ,58,79,86
2024/5/24, 17:25:48,  +08:00,   GHN0,31.0328312,104.3406525,2971,29.62,3091.2,29.8,98.62,107.42,-204.19,3.53,-21.08,0,0.1,222.5,229,27.7,28.8,0.6,13.52,13.45,10.84,198.24,71.72,19.68,2517.7,0.53,345.53,331.45,356.07,352.04,        ,        ,1307.82,1305.47,1333.47,1385.36,341.12,821.46,        ,        ,        ,        ,        ,         ,       ,       ,        ,        ,        ,2956,107, NAV1,127,109.9,113.5,124.3,118.275,-2.569,       ,11.69,156.5,4.8,-168.8,-2.5,0,  NONE,   NONE,      ,      ,-90.6, 3DDiff,3704,      ,58,79,86
2024/5/24, 17:25:49,  +08:00,   GHN0,31.0324669,104.3402634,2970,29.62,3091.4,29.8,98.45,106.78,-193.37,3.58,-19.8,0.02,0.16,218.5,225.1,27.7,28.8,0.6,13.54,13.47,10.86,198.23,71.8,19.65,2519.7,0.53,345.57,331.46,356.05,352.04,        ,        ,1308.72,1305.3,1333.45,1384.71,340.96,821.45,        ,        ,        ,        ,        ,         ,       ,       ,        ,        ,        ,2956.2,107, NAV1,127,109.9,113.5,124.3,118.275,-2.563,       ,11.63,155.5,4.8,-169,-2.5,0,  NONE,   NONE,      ,      ,3.9, 3DDiff,3704,      ,59,79.5,86
2024/5/24, 17:25:50,  +08:00,   GHN0,31.0320835,104.3399124,2971,29.62,3093.8,29.8,98.57,106.1,-118.09,3.72,-18.59,0,0.14,215.1,221.2,27.7,28.8,0.6,13.57,13.5,10.87,198.24,71.86,19.68,2518.7,0.53,345.62,331.45,356.04,352.08,        ,        ,1308.78,1305.59,1333.55,1384.63,340.92,821.5,        ,        ,        ,        ,        ,         ,       ,       ,        ,        ,        ,2958.6,107, NAV1,127,109.9,113.5,124.3,118.275,-2.581,       ,11.59,154.4,4.8,-169.2,-2.5,0,  NONE,   NONE,      ,      ,126, 3DDiff,3704,      ,59,79.5,86
2024/5/24, 17:25:51,  +08:00,   GHN0,31.0316849,104.3395844,2974,29.62,3097.7,29.8,98.33,105.43,-16.37,4.39,-18.3,0,0.12,211.6,217.7,27.7,28.8,0.6,13.61,13.54,10.88,198.23,71.78,19.66,2514.3,0.53,345.65,331.45,356.02,352.09,        ,        ,1308.18,1306.25,1335.08,1385.4,340.93,821.55,        ,        ,        ,        ,        ,         ,       ,       ,        ,        ,        ,2962.5,107, NAV1,127,109.9,113.5,124.3,118.275,-2.566,       ,11.56,153.2,4.8,-169.3,-2.5,0,  NONE,   NONE,      ,      ,216.5, 3DDiff,3704,      ,59,79.5,86
2024/5/24, 17:25:52,  +08:00,   GHN0,31.0312672,104.3392868,2977,29.62,3104.7,29.8,97.51,104.75,66.5,4.56,-18.45,0.01,0.19,208.9,213.8,27.7,28.8,0.6,13.62,13.52,10.88,198.28,71.82,19.7,2512.8,0.53,345.69,331.44,356,352.11,        ,        ,1306.58,1305.24,1334.65,1385.57,340.64,821.45,        ,        ,        ,        ,        ,         ,       ,       ,        ,        ,        ,2969.5,106, NAV1,127,109.9,113.5,124.3,118.275,-2.581,       ,11.53,152,4.7,-169.5,-2.5,0,  NONE,   NONE,      ,      ,385.8, 3DDiff,3704,      ,59,79.5,86
2024/5/24, 17:25:53,  +08:00,   GHN0,31.0308399,104.3390274,2987,29.62,3115.9,30,97.06,104.09,262.27,4.17,-19.04,0,-0.02,205.7,210.1,27.7,28.8,0.6,13.66,13.58,10.88,198.34,71.84,19.67,2507.9,0.53,345.71,331.42,355.97,352.14,        ,        ,1307.07,1305.3,1333.66,1385.06,340.51,821.42,        ,        ,        ,        ,        ,         ,       ,       ,        ,        ,        ,2980.7,105, NAV1,127,109.9,113.5,124.3,118.275,-2.557,       ,11.5,150.7,4.7,-169.6,-2.5,0,  NONE,   NONE,      ,      ,602.4, 3DDiff,3704,      ,59,79,86
2024/5/24, 17:25:54,  +08:00,   GHN0,31.0304031,104.3387985,2994,29.62,3125.4,30,95.31,103.55,408.41,3.28,-18.98,-0.01,-0.1,201.8,206.9,27.7,28.8,0.6,13.67,13.63,10.83,198.34,71.62,19.67,2511.9,0.53,345.76,331.42,355.97,352.16,        ,        ,1306.02,1305.07,1332.61,1384.6,340.39,821.42,        ,        ,        ,        ,        ,         ,       ,       ,        ,        ,        ,2990.2,103, NAV1,127,109.9,113.5,124.3,118.275,-2.563,       ,11.45,149.4,4.7,-169.7,-2.5,0,  NONE,   NONE,      ,      ,531.5, 3DDiff,3704,      ,58,79.5,86
2024/5/24, 17:25:55,  +08:00,   GHN0,31.0299568,104.3386002,3000,29.62,3129.5,30,95.56,103.14,422.88,3.09,-19.27,-0.02,-0.05,198.6,203.6,27.7,28.8,0.6,13.64,13.64,10.79,198.29,71.68,19.62,2518.9,0.53,345.78,331.41,355.94,352.19,        ,        ,1305.68,1304.95,1331.51,1384.5,340.27,821.4,        ,        ,        ,        ,        ,         ,       ,       ,        ,        ,        ,2994.3,104, NAV1,127,109.9,113.5,124.3,118.275,-2.557,-1.079,11.39,148,4.7,-169.8,-2.5,0,  NONE,   NONE,      ,      ,283.5, 3DDiff,3704,      ,59,79.5,86
2024/5/24, 17:25:56,  +08:00,   GHN0,31.0295029,104.3384323,3005,29.62,3130.8,30,96.24,102.81,359.99,3.69,-19.46,0.01,-0.02,195.8,200.4,27.7,28.8,0.6,13.7,13.67,10.85,198.25,71.64,19.61,2519.1,0.53,345.8,331.41,355.9,352.22,        ,        ,1305.26,1305.26,1332.02,1385.17,340.15,821.41,        ,        ,        ,        ,        ,         ,       ,       ,        ,        ,        ,2995.6,104, NAV1,127,109.9,113.5,124.3,118.275,-2.557,-1.139,11.31,146.6,4.6,-169.8,-2.5,0,  NONE,   NONE,      ,      ,102.4, 3DDiff,3704,      ,59,79,86
2024/5/24, 17:25:57,  +08:00,   GHN0,31.0290451,104.338295,3006,29.62,3131,30,96.64,102.44,275.81,3.42,-19.87,0.01,-0.01,192.2,196.8,27.7,28.8,0.6,13.65,13.68,10.87,198.25,71.84,19.61,2522.5,0.53,345.83,331.41,355.9,352.24,        ,        ,1305,1306.06,1331.89,1384.62,340.04,821.46,        ,        ,        ,        ,        ,         ,       ,       ,        ,        ,        ,2995.8,105, NAV1,127,109.9,113.5,124.3,118.275,-2.581,-1.244,11.22,145.1,4.6,-169.9,-2.5,0,  NONE,   NONE,      ,      ,15.7, 3DDiff,3704,      ,59,79,86
2024/5/24, 17:25:58,  +08:00,   GHN0,31.0285759,104.3381882,3005,29.62,3129.8,30,96.62,102.07,117.65,3.53,-20.74,0.03,0.06,189.3,193.2,27.7,28.8,0.6,13.64,13.68,10.85,198.33,71.79,19.63,2523.8,0.53,345.84,331.4,355.88,352.26,        ,        ,1305.33,1306.16,1333.42,1384.05,340.1,821.55,        ,        ,        ,        ,        ,         ,       ,       ,        ,        ,        ,2994.6,105, NAV1,127,109.9,113.5,124.3,118.275,-2.572,-0.999,11.12,143.6,4.6,-169.9,-2.5,0,  NONE,   NONE,      ,      ,-70.9, 3DDiff,3704,      ,60,79,86
2024/5/24, 17:25:59,  +08:00,   GHN0,31.0281086,104.3381195,3006,29.62,3127.6,30,97.61,101.8,58.32,2.92,-21.59,0.03,0.02,185.4,189.2,27.7,28.8,0.6,13.64,13.77,10.79,198.4,71.79,19.61,2525.2,0.53,345.86,331.38,355.86,352.3,        ,        ,1305.34,1305.74,1333.51,1383.79,339.8,821.42,        ,        ,        ,        ,        ,         ,       ,       ,        ,        ,        ,2992.4,106, NAV1,127,109.9,113.5,124.3,118.275,-2.581,-0.888,11.02,142.2,4.6,-169.9,-2.5,0,  NONE,   NONE,      ,      ,-98.4, 3DDiff,3704,      ,59,78.5,86
2024/5/24, 17:26:00,  +08:00,   GHN0,31.0276375,104.3380966,3002,29.62,3124.3,30,97.04,101.64,-26.16,2.66,-18.71,-0.01,0,181.3,185.3,27.7,28.8,0.6,13.67,13.78,10.85,198.49,71.75,19.65,2521.1,0.53,345.87,331.39,355.83,352.33,        ,        ,1305.55,1305.91,1333.73,1384.8,339.65,821.43,        ,        ,        ,        ,        ,         ,       ,       ,        ,        ,        ,2989.1,105, NAV1,127,109.9,113.5,124.3,118.275,-2.575,-0.559,10.91,140.7,4.5,-169.9,-2.5,0,  NONE,   NONE,      ,      ,-145.7, 3DDiff,3704,      ,59,78.5,86
2024/5/24, 17:26:01,  +08:00,   GHN0,31.0271664,104.3381042,2998,29.62,3120.9,30,95.86,101.66,-117.77,2.11,-18.47,-0.01,0.01,177.3,181.5,27.7,28.8,0.6,13.67,13.79,10.86,198.55,71.81,19.63,2518.4,0.53,345.88,331.36,355.83,352.34,        ,        ,1304.93,1305.28,1333.87,1384.64,339.52,821.42,        ,        ,        ,        ,        ,         ,       ,       ,        ,        ,        ,2985.7,104, NAV1,127,109.9,113.5,124.3,118.275,-2.569,-0.587,10.79,139.3,4.5,-169.8,-2.5,0,  NONE,   NONE,      ,      ,-189, 3DDiff,3704,      ,59,79,86
2024/5/24, 17:26:02,  +08:00,   GHN0,31.0266953,104.33815,2993,29.62,3116.6,30,95.66,101.8,-198.23,2.31,-19.06,0,0.11,173.6,178,27.7,28.8,0.6,13.7,13.73,10.8,198.58,71.74,19.66,2518.7,0.53,345.9,331.36,355.8,352.37,        ,        ,1304.51,1304.9,1334.64,1385.06,339.44,821.43,        ,        ,        ,        ,        ,         ,       ,       ,        ,        ,        ,2981.4,104, NAV1,127,109.9,113.5,124.3,118.275,-2.553,-0.508,10.67,137.8,4.5,-169.7,-2.5,0,  NONE,   NONE,      ,      ,-244.1, 3DDiff,3704,      ,59,79,86
2024/5/24, 17:26:03,  +08:00,   GHN0,31.026226,104.3382263,2989,29.62,3113.1,30,96.65,101.97,-250.04,2.08,-16.61,-0.01,0.03,170.1,174.1,27.7,28.8,0.6,13.73,13.71,10.85,198.59,71.82,19.63,2520.8,0.53,345.9,331.35,355.79,352.39,        ,        ,1304.59,1304.89,1335.14,1384.95,339.3,821.44,        ,        ,        ,        ,        ,         ,       ,       ,        ,        ,        ,2977.9,105, NAV1,127,109.9,113.5,124.3,118.275,-2.553,       ,10.55,136.2,4.4,-169.6,-2.5,0,  NONE,   NONE,      ,      ,-220.5, 3DDiff,3704,      ,60,79,86
2024/5/24, 17:26:04,  +08:00,   GHN0,31.0257626,104.3383408,2985,29.62,3108.5,30,96.01,102.19,-255.8,2.01,-15.84,-0.01,0.01,167.1,170.7,27.7,28.8,0.6,13.81,13.68,10.81,198.61,71.82,19.67,2518.7,0.53,345.92,331.34,355.78,352.42,        ,        ,1304.77,1305.29,1335.26,1385.06,339.19,821.42,        ,        ,        ,        ,        ,         ,       ,       ,        ,        ,        ,2973.3,104, NAV1,127,109.9,113.5,124.3,118.275,-2.557,       ,10.41,134.6,4.4,-169.5,-2.5,0,  NONE,   NONE,      ,      ,-236.2, 3DDiff,3704,      ,60,79,86
2024/5/24, 17:26:05,  +08:00,   GHN0,31.025301,104.3384857,2982,29.62,3104.7,30,96.23,102.42,-243.6,2.12,-13.17,0,0.05,164.4,167.7,27.7,28.8,0.6,13.9,13.63,10.84,198.62,71.8,19.64,2521,0.53,345.93,331.33,355.76,352.44,        ,        ,1305.12,1305.35,1335.18,1384.95,339.11,821.46,        ,        ,        ,        ,        ,         ,       ,       ,        ,        ,        ,2969.5,104, NAV1,127,109.9,113.5,124.3,118.275,-2.572,       ,10.26,132.9,4.4,-169.4,-2.5,0,  NONE,   NONE,      ,      ,-252, 3DDiff,3704,      ,59,78.5,86
2024/5/24, 17:26:06,  +08:00,   GHN0,31.024847,104.3386459,2978,29.62,3101.4,30,96.74,102.67,-227.56,2.08,-7.97,-0.01,0.05,161.6,165.1,27.7,28.8,0.6,13.95,13.56,10.86,198.68,71.86,19.65,2523.3,0.53,345.94,331.33,355.74,352.46,        ,        ,1305.34,1305.63,1335.29,1384.35,339.11,821.55,        ,        ,        ,        ,        ,         ,       ,       ,        ,        ,        ,2966.2,105, NAV1,127,109.9,113.5,124.3,118.275,-2.566,       ,10.1,131.2,4.4,-169.2,-2.5,0,  NONE,   NONE,      ,      ,-224.4, 3DDiff,3704,      ,59,79,86
2024/5/24, 17:26:07,  +08:00,   GHN0,31.0243969,104.338829,2973,29.62,3098.5,30,96.72,102.91,-252.25,2.11,-6.45,-0.01,0.01,160.2,163.2,27.7,28.8,0.6,14.02,13.49,10.82,198.74,71.97,19.63,2524.9,0.53,345.94,331.31,355.73,352.49,        ,        ,1305.07,1307.21,1335.46,1383.8,338.84,821.4,        ,        ,        ,        ,        ,         ,       ,       ,        ,        ,        ,2963.3,105, NAV1,127,109.9,113.5,124.3,118.275,-2.575,       ,9.93,129.4,4.3,-169,-2.5,0,  NONE,   NONE,      ,      ,-185, 3DDiff,3704,      ,59,79,86
2024/5/24, 17:26:08,  +08:00,   GHN0,31.0239487,104.3390198,2971,29.62,3095.6,30,97.16,103.1,-238.05,2.38,-4.94,0,0.03,159.3,161.9,27.7,28.8,0.6,14.12,13.43,10.76,198.8,71.96,19.64,2525.6,0.53,345.95,331.31,355.71,352.5,        ,        ,1305.57,1307.71,1335.75,1383.82,338.73,821.37,        ,        ,        ,        ,        ,         ,       ,       ,        ,        ,        ,2960.4,105, NAV1,127,109.9,113.5,124.3,118.275,-2.553,       ,9.75,127.5,4.3,-168.8,-2.5,0,  NONE,   NONE,      ,      ,-169.3, 3DDiff,3704,      ,59,79,86
2024/5/24, 17:26:09,  +08:00,   GHN0,31.0235023,104.3392334,2968,29.62,3093.9,30,96.71,103.24,-211.48,2.82,-3.12,-0.01,0.04,158,160.7,27.7,28.8,0.6,14.24,13.36,11.17,198.84,71.72,20.63,2537.1,0.57,345.93,331.29,355.7,352.52,        ,        ,1304.92,1308.8,1336.65,1384.74,338.65,821.47,        ,        ,        ,        ,        ,         ,       ,       ,        ,        ,        ,2958.7,105, NAV1,127,109.9,113.5,124.3,118.275,-2.572,       ,9.57,125.6,4.3,-168.6,-2.5,0,  NONE,   NONE,      ,      ,-110.2, 3DDiff,3704,      ,60,79,86
2024/5/24, 17:26:10,  +08:00,   GHN0,31.0230618,104.339447,2968,29.62,3095.5,30,97.61,103.43,-158.82,3.45,-3.14,-0.01,0.05,156.8,159.8,27.7,28.8,0.6,14.34,13.27,11.55,198.85,71.88,21.07,2528.7,0.59,345.95,331.29,355.68,352.55,        ,        ,1306.27,1309.31,1336.81,1387.41,338.69,821.56,        ,        ,        ,        ,        ,         ,       ,       ,        ,        ,        ,2960.3,106, NAV1,127,109.9,113.5,124.3,118.275,-2.557,       ,9.37,123.7,4.3,-168.4,-2.5,0,  NONE,   NONE,      ,      ,0, 3DDiff,3704,      ,60,79,86
2024/5/24, 17:26:11,  +08:00,   GHN0,31.0226212,104.3396683,2970,29.62,3097.3,30,98.95,103.33,-88.76,4.3,-2.05,-0.01,0.1,157.1,159.1,27.7,28.8,0.6,14.44,13.2,11.67,198.79,71.9,21.1,2530.2,0.59,345.95,331.28,355.67,352.57,        ,        ,1307.29,1308.91,1336.04,1388.23,338.58,821.5,        ,        ,        ,        ,        ,         ,       ,       ,        ,        ,        ,2962.1,108, NAV1,127,109.9,113.5,124.3,118.275,-2.553,       ,9.17,121.8,4.2,-168.2,-2.5,0,  NONE,   NONE,      ,      ,122, 3DDiff,3704,      ,59,78.5,86
2024/5/24, 17:26:12,  +08:00,   GHN0,31.0221863,104.3398895,2975,29.62,3101.4,30,98.59,103.06,31.28,4.08,-1.94,0.02,-0.01,158.4,158.4,27.7,28.8,0.6,14.52,13.17,11.68,198.74,72,21.12,2527,0.59,345.96,331.29,355.67,352.59,        ,        ,1307.17,1308.4,1334.48,1388.44,338.28,821.37,        ,        ,        ,        ,        ,         ,       ,       ,        ,        ,        ,2966.3,107, NAV1,127,109.9,113.5,124.3,118.275,-2.581,       ,8.98,120,4.2,-168,-2.5,0,  NONE,   NONE,      ,      ,252, 3DDiff,3704,      ,59,78.5,86
2024/5/24, 17:26:13,  +08:00,   GHN0,31.0217533,104.340126,2979,29.62,3104.4,30,97.98,102.73,174.07,3.77,-1.33,0.01,-0.07,158.3,158.2,27.7,28.8,0.6,14.51,13.24,11.76,198.75,71.84,21.16,2521.7,0.59,345.95,331.27,355.66,352.62,        ,        ,1307.74,1308.87,1334.13,1387.85,338.15,821.42,        ,        ,        ,        ,        ,         ,       ,       ,        ,        ,        ,2969.3,106, NAV1,127,109.9,113.5,124.3,118.275,-2.575,       ,8.78,118.2,4.2,-167.8,-2.5,0,  NONE,   NONE,      ,      ,192.9, 3DDiff,3704,      ,59,79,86
